time_s,acceleration_x,acceleration_y,acceleration_z
0.0,9.76739517,-0.0344686122,-0.0359996589
0.095,9.51845661,-0.0727667541,0.0022983947100000002
0.194,9.8822997,0.0804262059,-0.265789197
0.294,9.51845661,-0.24510873600000002,-0.380683917
0.389,9.55675485,-0.111064896,-0.0359996589
0.49,9.76739517,-0.39830169600000004,-0.495578637
0.587,9.671649570000001,-0.24510873600000002,-0.495578637
0.685,9.671649570000001,-0.0344686122,-0.342385677
0.78,9.671649570000001,0.04212796590000001,-0.304087437
0.88,9.51845661,-0.16851225600000003,-0.4189821570000001
0.976,9.63335133,-0.206810496,0.0022983947100000002
1.075,9.63335133,-0.111064896,-0.380683917
1.175,9.51845661,-0.321705216,-0.22749095700000002
1.27,9.51845661,-0.436599936,-0.11259623700000002
1.37,15.454674,-0.18766137600000002,1.95550578
1.47,66.5253378,-1.1259721800000002,-1.6445287800000001
1.57,63.404090100000005,-0.24510873600000002,-1.4530375800000002
1.664,66.5062083,1.8421414200000001,3.3342424200000003
1.765,70.3935189,0.0804262059,1.6874181000000001
1.86,76.7893446,-1.64299842,1.6874181000000001
1.96,83.6638983,-0.589792896,0.07889486490000001
2.056,92.3958774,-0.360003456,1.57252338
2.15,100.151271,2.07193086,1.4576286600000001
2.25,105.149466,3.87194814,-0.706218957
2.345,106.96824000000001,11.876280300000001,-2.3338971
2.44,113.057307,16.6253013,-3.8275284600000004
2.538,114.80054400000002,13.5039555,-2.9275198200000005
2.636,118.80204300000001,6.84006174,0.232087923
2.735,124.91073000000002,2.3017203000000004,1.5342251400000002
2.829,132.034752,-2.17917378,-1.6828270200000002
2.925,131.364729,-6.564322260000001,-5.053072140000001
3.02,131.230332,-3.5962086600000003,0.787412403
3.115,128.607138,4.48471998,2.56827762
3.212,130.176738,7.127298540000001,-0.0742980951
3.31,101.14698600000001,8.697526380000001,-2.0275111800000003
3.405,94.6746423,2.8761939,-4.076467020000001
3.5,38.184640200000004,5.61451806,-11.5063452
3.6,27.9973476,3.89109726,-1.6636779
3.69,28.705825800000003,-3.51961218,-3.6168881400000004
3.789,27.4803606,-2.1983229000000004,-4.22965998
3.889,24.741997200000004,-1.8153405,-4.3445547
3.985,23.650536600000002,0.21447014400000003,-7.963738380000001
4.08,21.6206514,-0.321705216,-7.75309806
4.175,21.448387800000003,-0.762134976,-3.6168881400000004
4.27,19.858971600000004,-0.45574905600000004,-5.41690542
4.369,18.5185332,-3.7685507400000002,-1.81687086
4.461,17.886573,0.291066624,-6.1254228600000005
4.56,15.722781300000001,0.444259584,-3.7126337400000002
4.655,15.512160600000001,-3.3472701000000002,-0.974306637
4.75,13.4631459,0.137873664,-5.62754574
4.85,12.6780516,-2.40896322,-4.938177420000001
4.95,12.5631765,-1.0302265800000001,-3.1190110200000003
5.047,12.9652884,-2.60045442,-0.4764295170000001
5.145,12.4483014,-3.4238665800000003,-7.35096654
5.242,11.107863000000002,-2.0068317,-0.22749095700000002
5.34,10.5141618,-0.685538496,-6.527554380000001
5.44,10.2652821,0.8463911040000001,-5.436054540000001
5.54,9.40356189,-2.63875266,0.902307123
5.635,9.32696541,-2.83024386,-5.81903694
5.735,7.35460605,1.49745726,-2.73602862
5.834,7.22056221,-1.18341954,-1.9892129400000003
5.929,7.699290210000001,-4.03663842,-1.72112526
6.055,4.78862397,-2.23662114,-4.1913617400000005
6.125,4.90351869,-5.79835746,-5.436054540000001
6.225,4.98011517,-1.5089545800000002,-5.1105195000000005
6.32,3.96521181,-1.0493757,0.576772083
6.415,3.96521181,-8.230295700000001,-3.8275284600000004
6.515,4.19500125,-6.27708546,-2.7168794999999997
6.61,4.08010653,-2.9642877000000003,-1.79772174
6.708,3.3715890900000005,-3.04088418,-4.938177420000001
6.805,4.19500125,-3.8259981000000005,-3.6743355
6.905,3.0077558100000004,-4.55366466,-1.10835342
7.0,1.82051037,-3.4238665800000003,-3.21475662
7.1,2.2992383700000003,-4.2472787400000005,-2.39134446
7.195,2.06944893,-1.83448962,-5.7807387
7.295,0.843902307,-5.76005922,-2.2764497400000003
7.394,1.15029117,-5.30048034,-2.6594321400000003
7.49,2.41413309,-1.1259721800000002,-4.11476526
7.59,2.33753661,-3.30897186,-2.16155502
7.686,1.5141244500000002,-3.7302524999999997,-4.49774766
7.785,0.0970863327,-1.3940598600000003,-1.79772174
7.885,0.288577827,-3.5387613,-4.076467020000001
7.98,-0.38164137300000006,-1.87278786,-5.16796686
8.076,-0.917816733,-2.8110947399999997,-3.25305486
8.178,-3.0625152300000003,-3.4238665800000003,-3.52114254
8.275,-5.168918430000001,-4.630261140000001,0.0405968211
8.375,-6.52850595,-2.40896322,-1.6253796600000001
8.47,-7.71575139,-2.71534914,-1.97006382
8.57,-6.89233923,-1.35576162,-1.74027438
8.67,-6.56680419,-2.63875266,-0.4764295170000001
8.761,-7.44766371,-2.3706649800000004,-1.4147393400000001
8.86,-8.04128643,-1.9493843400000002,-3.13816014
8.955,-7.37106723,-1.01107746,-3.3679495800000003
9.05,-7.8689443500000005,-1.4323581,-2.35304622
9.145,-7.600856670000001,-2.27491938,-1.8551691000000001
9.245,-7.44766371,-1.9110861000000001,-2.79347598
9.34,-8.63490915,-1.87278786,-3.21475662
9.435,-6.56680419,-1.20256866,-3.25305486
9.531,-8.09873379,-2.8876912200000002,-3.2722039800000005
9.631,-8.04128643,-1.3366125000000002,-3.2913531
9.725,-7.37106723,-0.704687616,-3.88497582
9.825,-7.75404963,-2.1025773,-2.12325678
9.92,-7.37106723,-2.3898141,-1.7019761400000002
10.015,-6.73914627,-3.28982274,-1.6828270200000002
10.11,-6.87319011,-0.436599936,-2.5253883
10.205,-7.35191811,-1.7195949000000001,-3.54029166
10.305,-7.332768990000001,-2.06427906,-2.60198478
10.398,-7.505111070000001,-2.35151586,-1.07005518
10.495,-6.64340067,-2.21747202,-2.37219534
10.595,-6.98808483,-0.360003456,-2.94666894
10.69,-7.16042691,-1.41320898,-2.7168794999999997
10.785,-7.12212867,-1.0493757,-1.2806955
10.883,-6.01147971,-2.31321762,-1.74027438
10.98,-5.85828675,0.0804262059,-3.1573092600000003
11.075,-5.97318147,-1.60470018,-1.39559022
11.17,-6.24126915,-1.37491074,-2.18070414
11.27,-5.81998851,-0.819582336,-1.39559022
11.363,-5.87743587,-1.08767394,-1.8743182200000001
11.46,-5.9348832300000005,-1.4898054600000001,-2.98496718
11.555,-5.22636579,-0.474898176,-2.98496718
11.655,-5.51360259,-1.37491074,-1.12750254
11.75,-5.55190083,0.0804262059,-1.8743182200000001
11.845,-5.762541150000001,-0.8578805760000001,-1.51048494
11.941,-5.13062019,-0.8578805760000001,-2.18070414
12.038,-5.245514910000001,-0.7429858560000001,-3.1956075
12.135,-5.09232195,-1.9493843400000002,-1.9126164600000002
12.235,-4.95827811,-0.513196416,-1.83601998
12.33,-4.53699747,-0.8961788159999999,-1.35729198
12.425,-4.249760670000001,0.15702278400000003,-1.7594235000000003
12.523,-4.46040099,-0.7812840960000002,-2.85092334
12.625,-4.76678691,-1.45150722,-2.48709006
12.715,-4.28805891,-1.8536387400000003,-1.8743182200000001
12.815,-4.65189219,-0.7429858560000001,-2.06580942
12.911,-3.9050765100000002,-1.60470018,-2.4104935800000002
13.005,-3.9816729900000003,-1.01107746,-1.39559022
13.105,-4.42210275,-0.39830169600000004,-2.06580942
13.2,-3.61783971,-2.06427906,-1.6445287800000001
13.3,-3.9433747500000003,-1.68129666,-1.51048494
13.4,-4.01997123,-0.877029696,-1.58708142
13.497,-3.50294499,-0.9727752960000001,-1.54878318
13.595,-3.65613795,-0.7812840960000002,-1.4721867000000002
13.691,-3.54124323,-1.60470018,-1.35729198
13.79,-3.23485731,-1.20256866,-1.54878318
13.89,-3.19655907,-0.24510873600000002,-2.1424059
13.988,-3.42634851,-0.589792896,-1.4721867000000002
14.085,-3.3114537900000003,-1.10682306,-0.897710157
14.185,-3.4646467500000004,-0.6663893760000001,-1.72112526
14.28,-3.15826083,-0.264257856,-1.2040990200000001
14.38,-3.0625152300000003,-0.6280911360000001,-2.4104935800000002
14.478,-2.98591875,-0.16851225600000003,-2.0275111800000003
14.575,-3.27315555,-1.29831426,-1.16580078
14.675,-2.9093222700000005,-0.877029696,-1.72112526
14.775,-3.42634851,-0.18766137600000002,-1.2040990200000001
14.87,-2.71783107,-0.551494656,-1.35729198
14.964,-2.71783107,-1.20256866,-0.782815437
15.065,-3.02421699,-0.8578805760000001,-1.16580078
15.165,-2.52633987,-1.2600160200000001,-1.72112526
15.26,-2.83272579,-0.819582336,-1.54878318
15.354,-2.7561293100000004,-0.819582336,-1.2806955
15.455,-2.52633987,-0.589792896,-1.58708142
15.555,-2.6412345900000003,-0.16851225600000003,-1.39559022
15.651,-2.52633987,-0.8961788159999999,-1.12750254
15.75,-2.52633987,-0.13021401600000002,-1.2423972600000002
15.85,-2.52633987,-0.704687616,-0.936008397
15.95,-2.20080483,-0.0344686122,-1.60623054
16.045,-2.60293635,-0.762134976,-1.2423972600000002
16.14,-2.98591875,-0.436599936,-1.01260782
16.24,-2.20080483,-0.934477056,-1.05090606
16.34,-2.23910307,-0.7429858560000001,-0.936008397
16.435,-2.20080483,-0.6663893760000001,-1.31899374
16.533,-2.23910307,-0.819582336,-0.974306637
16.634,-2.08591011,-0.360003456,-0.821113677
16.73,-2.60293635,-0.264257856,-1.35729198
16.827,-1.8369715500000001,-0.6663893760000001,-1.51048494
16.925,-1.97101539,-0.24510873600000002,-1.2806955
17.02,-1.8369715500000001,-1.01107746,-1.35729198
17.12,-2.08591011,-0.436599936,-1.31899374
17.215,-2.16250659,-0.360003456,-0.859411917
17.31,-2.0093136300000003,-0.39830169600000004,-1.4721867000000002
17.404,-2.08591011,-0.551494656,-1.12750254
17.505,-1.4922873900000002,-0.6280911360000001,-0.782815437
17.6,-1.6454803500000001,-0.474898176,-1.2040990200000001
17.695,-1.6454803500000001,-0.8961788159999999,-0.667920717
17.792,-1.7220768300000002,-0.24510873600000002,-1.16580078
17.888,-1.4922873900000002,-0.6280911360000001,-0.974306637
17.985,-1.3390944300000003,-0.819582336,-0.667920717
18.085,-1.41569091,-0.474898176,-0.936008397
18.18,-1.7986733099999999,-0.321705216,-1.2806955
18.273,-1.7220768300000002,-0.474898176,-1.0892043
18.371,-1.3390944300000003,-0.7812840960000002,-0.936008397
18.465,-1.37739267,-0.704687616,-1.01260782
18.563,-1.60718211,-0.28340697600000003,-1.2423972600000002
18.66,-1.2050505900000001,-0.39830169600000004,-0.782815437
18.76,-1.16675235,-0.0153194922,-0.782815437
18.855,-1.7220768300000002,-0.513196416,-0.897710157
18.955,-1.3390944300000003,-0.513196416,-1.16580078
19.05,-1.3390944300000003,-0.589792896,-0.667920717
19.15,-1.30079619,-0.39830169600000004,-0.821113677
19.25,-1.4539891500000002,-0.7812840960000002,-0.974306637
19.345,-1.30079619,-0.053617634100000006,-0.936008397
19.445,-1.05185763,-0.7429858560000001,-0.5338768770000001
19.541,-1.05185763,-0.7812840960000002,-0.897710157
19.64,-0.936965853,-0.321705216,-0.859411917
19.738,-1.2624979500000002,-0.551494656,-1.31899374
19.838,-1.12845411,-0.39830169600000004,-0.821113677
19.935,-0.7837728930000001,-0.6663893760000001,-0.821113677
20.035,-1.16675235,-0.6280911360000001,-0.706218957
20.129,-1.01355939,0.0038296670400000004,-1.2040990200000001
20.225,-1.2624979500000002,-0.39830169600000004,-0.706218957
20.325,-0.7071764130000001,-0.321705216,-0.706218957
20.422,-1.01355939,-0.7812840960000002,-0.744517197
20.52,-1.05185763,-0.28340697600000003,-0.821113677
20.62,-1.09015587,-0.8004332160000001,-0.782815437
20.715,-0.975264093,-0.6663893760000001,-0.936008397
20.815,-1.12845411,-0.589792896,-1.05090606
20.911,-1.2624979500000002,-0.28340697600000003,-1.05090606
21.007,-0.8986676130000001,-0.6663893760000001,-0.859411917
21.105,-0.8986676130000001,-0.551494656,-0.667920717
21.205,-0.8986676130000001,-0.6280911360000001,-0.495578637
21.3,-0.975264093,-0.360003456,-1.01260782
21.399,-1.01355939,-0.436599936,-0.706218957
21.498,-0.860369373,-0.321705216,-0.936008397
21.595,-0.8986676130000001,-0.360003456,-0.667920717
21.695,-0.7837728930000001,-0.39830169600000004,-0.936008397
21.79,-0.822071133,-0.551494656,-0.782815437
21.888,-0.6688781730000001,-0.474898176,-0.495578637
21.985,-0.975264093,-0.28340697600000003,-0.667920717
22.085,-0.6688781730000001,-0.8387314560000001,-0.782815437
22.18,-0.7071764130000001,-0.18766137600000002,-0.744517197
22.276,-0.7837728930000001,-0.321705216,-0.706218957
22.375,-0.822071133,-0.474898176,-0.821113677
22.473,-1.09015587,-0.360003456,-0.667920717
22.57,-0.936965853,-0.321705216,-0.629622477
22.67,-1.01355939,-0.551494656,-0.706218957
22.765,-0.573132573,-0.8004332160000001,-0.6487715970000001
22.86,-0.822071133,-0.360003456,-0.706218957
22.954,-0.630579933,-0.589792896,-0.706218957
23.051,-0.7071764130000001,-0.513196416,-0.782815437
23.145,-0.7071764130000001,-0.22595961600000003,-0.744517197
23.245,-0.7837728930000001,-0.39830169600000004,-0.572175117
23.34,-0.7837728930000001,-0.436599936,-0.706218957
23.436,-0.7071764130000001,-0.436599936,-0.667920717
23.535,225.99885600000002,6.36133374,1.26613746
23.63,-4.36465539,1.32511518,0.34698264300000004
23.73,-1.97101539,-0.321705216,-1.2423972600000002
23.83,-7.44766371,-5.2621821,15.6662757
23.93,-11.4880986,3.87194814,0.8257106430000001
24.025,-13.3838811,1.32511518,-0.974306637
24.122,-123.434325,22.446555300000004,32.766479100000005
24.22,-71.9419293,3.43151838,-20.506431600000003
24.32,-38.4883578,-36.11139480000001,-59.436533700000005
24.42,-23.9925132,-26.172981900000003,-20.4298155
24.515,-14.437082700000001,-11.4473871,-0.265789197
24.611,-0.0561066273,-3.96004194,4.100207220000001
24.71,2.70136989,1.2868169400000002,-1.9509147
24.81,2.8928610900000002,-0.589792896,0.442728243
24.905,-0.7837728930000001,-12.0409902,-1.6445287800000001
25.0,-2.58378723,-6.67921698,-1.58708142
25.105,-5.51360259,-7.82816418,32.8047381
25.2,-6.96893571,-20.198495700000002,21.5642439
25.295,-0.6497290530000001,-7.981357140000001,6.99172434
25.395,-1.3965417900000001,-9.45583938,5.82362802
25.495,-0.20929929300000003,-17.2686411,-1.83601998
25.59,-0.247597533,-26.2879551,-8.90204526
25.687,0.13538486700000002,-9.34094466,-5.66584398
25.784,-5.1880675499999995,4.44642174,-3.0424145400000002
25.885,-3.9050765100000002,11.1103155,-3.42539694
25.983,-0.7071764130000001,7.720921260000001,-3.1956075
26.08,-0.573132573,2.2059747,-0.974306637
26.174,-0.841220253,1.55490462,-0.17004359700000002
26.275,-0.247597533,1.2485187,-0.3615347970000001
26.375,-2.98591875,5.80600926,0.30868440300000005
26.47,-7.600856670000001,33.1892901,3.94701426
26.565,2.62477341,11.6656596,0.787412403
26.665,1.62901917,2.7995974200000004,6.53214546
26.763,-4.1731641900000005,-21.366572400000003,13.483256400000002
26.86,-11.373223500000002,-30.7305117,22.272722100000003
26.956,-3.4646467500000004,-19.5282765,11.147103000000001
27.055,0.0587880927,-15.621836400000001,3.48743538
27.15,0.32687606700000005,-9.685628820000002,-3.9424231800000005
27.25,0.6907093470000001,7.031552940000001,-10.299911400000001
27.345,-8.15618115,12.2210037,-8.11693134
27.443,-10.147660199999999,14.6720322,-2.6977303800000003
27.54,-8.21362851,10.650717000000002,-1.51048494
27.638,-6.79659363,4.92514974,-2.5253883
27.735,-7.44766371,-3.2706736199999997,-7.29351918
27.835,-7.44766371,-6.6026205000000004,-11.755224900000002
27.93,-6.7774445100000005,-7.062199380000001,-13.9957308
28.021,-4.46040099,-5.62601538,-12.961658700000001
28.12,-0.802922013,-1.98768258,-8.69140494
28.215,-0.688027293,-0.934477056,-7.75309806
28.31,0.786454947,-1.7961913800000002,-6.47010702
28.407,1.05454557,-1.64299842,-6.067975500000001
28.506,0.11623574700000001,0.9038384640000001,-6.08712462
28.605,1.05454557,1.01872926,-7.867992780000001
28.7,-3.75188355,7.45283358,-16.044647400000002
28.795,-3.9433747500000003,12.3358788,-16.5617325
28.89,-8.65405827,15.265635300000001,-7.48501038
28.988,-10.339151400000002,10.229475599999999,4.11935634
29.085,-14.4945693,9.023061420000001,12.1619475
29.184,-13.8434796,6.66771966,12.544929900000001
29.28,-13.269006000000001,6.36133374,7.08746994
29.375,-8.32852323,-5.319629460000001,-4.59349326
29.475,-6.52850595,-10.7771679,-5.18711598
29.575,-9.017891550000002,-17.0580204,-7.370115660000001
29.674,-8.40511971,-15.0282333,-3.8275284600000004
29.77,-7.02638307,-9.723927060000001,-3.6743355
29.865,-7.75404963,-7.31113794,-4.4403003
29.962,-4.28805891,-4.84090146,-4.99562478
30.06,-1.9518662700000002,-2.61960354,-1.8551691000000001
30.157,-0.17100105300000001,-3.4430157,1.6108216199999998
30.255,-0.34334313299999997,-2.5430070600000003,2.81721618
30.355,0.44177078700000005,-2.06427906,3.9853125
30.45,0.633261987,-1.0685248200000002,4.253400180000001
30.549,0.403472547,-1.10682306,5.440645620000001
30.645,-6.06892707,-21.1368222,23.153562
30.745,0.49921814700000006,-14.760126,25.7386932
30.84,9.8248131,-13.285683,13.4258679
30.938,12.084448499999999,-24.698538900000003,11.5874739
31.035,18.9015156,-21.9219165,12.4109253
31.135,3.69712413,-10.049462100000001,43.7197365
31.23,-11.8136925,-25.311271500000004,39.506930100000005
31.325,-8.34767235,-21.098465100000002,11.5874739
31.425,-5.896584990000001,-9.972846,-4.57434414
31.525,-2.92847139,2.0144835000000003,-2.00836206
31.62,-1.47313827,0.808092864,1.89805842
31.72,-1.3965417900000001,2.16767646,2.18529522
31.815,-1.5688838700000003,1.2485187,1.2469883400000001
31.915,-1.35824355,2.99108862,-0.0359996589
32.01,-4.402953630000001,2.6847027000000003,0.902307123
32.11,-6.7774445100000005,7.01240382,0.270386163
32.205,-7.926391710000001,4.75280766,1.62997074
32.305,-8.52001443,0.21447014400000003,-4.1913617400000005
32.399,-13.6137294,15.1507602,-10.2232953
32.5,-11.354094,16.2805779,-1.05090606
32.595,-12.5413002,11.818793699999999,9.998155800000001
32.695,-5.073172830000001,-4.70685762,6.3789525000000005
32.79,-2.73698019,-5.66431362,-0.438131277
32.886,-3.61783971,-9.934587,-1.1849499000000001
32.985,-11.354094,-13.8217995,-8.90204526
33.08,-9.45832131,-9.1877517,-5.32115982
33.176,-11.258348400000001,1.6315011000000001,5.21085618
33.269,-10.875366000000001,10.2103461,15.379038900000001
33.37,-15.107301900000001,9.195403500000001,23.7089061
33.465,-7.16042691,1.7463958200000003,12.947139900000002
33.56,-6.01147971,-3.0217350600000006,9.021531060000001
33.659,-2.41144515,-1.89193698,2.8746635400000002
33.755,-6.29871651,-0.0919158741,3.5448827400000003
33.845,-6.719997150000001,3.4698166200000005,-3.21475662
33.945,-6.04977795,3.0676851,-0.438131277
34.041,-4.977427230000001,-0.360003456,-1.1849499000000001
34.138,-0.132702813,-3.0600333,-4.38285294
34.235,0.21198134700000001,-3.28982274,-5.07222126
34.335,-0.975264093,-4.572813780000001,-8.44246638
34.425,-1.91356803,1.07617662,-12.655292400000002
34.52,-1.01355939,1.70809758,-11.9659437
34.621,-0.975264093,4.08258846,-10.089290700000001
34.715,-1.2816470700000002,7.9124124600000005,-8.51906286
34.81,0.6907093470000001,9.903881700000001,-8.32757166
34.91,-0.0944049654,13.0634865,-2.85092334
35.01,-0.132702813,12.6805041,3.16190034
35.105,-2.20080483,7.299640620000001,1.7065672200000002
35.205,-7.083830430000001,-2.35151586,-9.265878540000001
35.3,-13.3647516,-10.757940300000001,-19.1851227
35.4,-13.479626699999999,-5.951550420000001,-18.7638813
35.495,-11.6222013,-3.1366297800000003,-11.142492299999999
35.59,-10.243405800000001,2.26342206,-0.897710157
35.69,-9.61151427,5.1740883,2.14699698
35.788,-7.12212867,4.86770238,-0.0359996589
35.885,-4.76678691,-4.936647059999999,-4.09561614
35.983,2.28008925,-6.10474338,-1.26154638
36.08,5.937571170000001,-6.64091874,-0.3615347970000001
36.18,5.631185250000001,-4.45791906,-0.667920717
36.274,5.22905373,-4.936647059999999,-0.821113677
36.375,5.3822466900000006,-4.4196208200000004,0.232087923
36.47,6.01416765,-6.411129300000001,-2.8126251000000004
36.57,19.284498,-11.562262200000001,-6.27861582
36.67,16.373871,0.310215744,-15.929772300000002
36.768,15.378057900000002,-10.3175694,-7.8105454199999995
36.865,5.707781730000001,-21.175081200000005,6.01511922
36.963,20.6440659,-15.4687023,12.3917958
37.065,26.1206946,-5.740910100000001,9.691750260000001
37.16,7.75673757,40.810581,-19.1851227
37.254,-4.91997987,39.240392400000005,-8.15522958
37.355,1.2843350100000002,23.538114,-0.495578637
37.455,6.93332541,6.974105580000001,0.155491443
37.55,7.20141309,4.23578142,-0.304087437
37.645,9.13547421,3.1442815800000004,-0.553025997
37.745,6.6460886100000005,-0.39830169600000004,-1.6445287800000001
37.84,4.520536290000001,1.8229923000000001,-1.49133582
37.938,-5.36040963,29.321109000000003,-21.4638876
38.038,-8.82640035,23.538114,-18.4000284
38.135,-16.0073694,26.123245200000003,-2.85092334
38.23,-8.59661091,-11.179279800000002,1.32358482
38.325,-6.624251550000001,-12.155865300000002,-7.84884366
38.425,-5.55190083,-5.47282242,-11.9659437
38.521,-5.51360259,0.769794624,-10.548889200000001
38.62,-6.14552355,8.85071934,-4.6126423800000005
38.715,-8.30937411,15.227376300000001,5.49809298
38.815,-8.78810211,13.0634865,12.2194341
38.91,-6.815742750000001,11.0720565,13.1960196
39.005,-5.073172830000001,10.2868641,9.61515378
39.097,-1.47313827,7.4145353400000005,4.13850546
39.195,0.652411107,3.43151838,0.155491443
39.29,1.9545542100000002,1.8229923000000001,-0.936008397
39.385,0.6907093470000001,2.4549132600000005,0.07889486490000001
39.481,-2.43059427,-2.16002466,-3.08071278
39.58,-10.0136556,-23.089993200000002,-20.6595657
39.676,-11.6795898,-14.1856524,0.787412403
39.77,-6.70084803,3.43151838,11.7981927
39.87,-8.079584670000001,22.6764036,-1.79772174
39.965,-9.017891550000002,19.746549,-14.4169722
40.06,-4.76678691,8.92731582,-12.061689300000001
40.159,-3.61783971,3.62300958,-8.11693134
40.255,-2.50719075,0.425110464,-6.39351054
40.353,0.460919907,-0.0153194922,-2.0275111800000003
40.45,-0.802922013,-0.206810496,-1.8743182200000001
40.55,0.575814627,0.693198144,-1.7594235000000003
40.65,-1.7986733099999999,1.97618526,-4.4403003
40.747,1.16944029,1.36341342,-2.48709006
40.845,1.82051037,2.41661502,-3.0041163
40.945,2.10774717,3.62300958,-3.23390574
41.043,0.518367267,26.6402322,-41.7810843
41.14,7.43120253,27.750920400000002,-6.872238540000001
41.24,19.8398421,31.9828563,-17.8064253
41.338,8.31206205,-2.5430070600000003,-9.68715918
41.435,-6.94978659,-33.890116500000005,20.396069100000002
41.535,-4.57529571,-27.839014199999998,7.98747858
41.635,2.77796637,-16.9048863,0.902307123
41.735,5.535439650000001,-5.39622594,-2.1424059
41.83,5.612036130000001,0.21447014400000003,-0.0359996589
41.925,4.59713277,1.59320286,-0.859411917
42.025,-2.16250659,7.4145353400000005,-15.7382811
42.125,-2.35399779,18.8082225,6.187461300000001
42.221,-1.24334883,9.367745580000001,21.2770071
42.32,4.520536290000001,9.9422388,17.9641701
42.42,10.0929204,4.9825971,4.5597861
42.515,8.94398301,8.21879838,5.45979474
42.615,8.82908829,8.6209299,-1.5296340600000002
42.711,9.05887773,16.1273457,-17.6340636
42.81,14.0376195,14.6720322,-4.765835340000001
42.913,14.439731400000001,7.4911318200000006,10.5917589
43.01,10.0929204,10.171989,19.6875909
43.11,7.048220130000001,17.601886800000003,20.415296700000003
43.205,8.59929885,9.4826403,6.01511922
43.305,-1.47313827,12.048642000000001,0.155491443
43.4,-1.8369715500000001,9.59753502,-4.842431820000001
43.5,-2.66038371,7.64432478,-9.3233259
43.6,-2.77527843,4.67621118,-11.410599600000001
43.695,-4.80508515,5.92090398,-11.640349800000001
43.79,-5.705093790000001,7.4911318200000006,-7.56160686
43.89,-7.16042691,6.85921086,2.22359346
43.988,-5.2646640300000005,-0.551494656,4.67468082
44.085,-4.09656771,-2.8685421,2.14699698
44.175,-0.534834333,-0.24510873600000002,-0.4764295170000001
44.275,-4.249760670000001,-4.45791906,1.2469883400000001
44.371,-11.4689691,-0.053617634100000006,-0.093447117
44.472,-20.6796762,4.4081235,-0.3615347970000001
44.575,-15.5860299,7.529430060000001,-5.35945806
44.671,-11.315835,2.6464044600000003,-12.2339529
44.77,-10.568999699999999,-4.64941026,-12.2339529
44.865,-7.16042691,-9.226049940000001,-9.18928206
44.965,-8.97959331,-12.615463799999999,-6.29776494
45.06,-5.51360259,-15.0473628,-2.58283566
45.16,-6.1838217900000005,-12.385615500000002,-1.0892043
45.255,-6.490207710000001,-12.940959600000001,0.0405968211
45.355,-10.1285307,-6.52602402,1.13209362
45.455,-11.5073262,-0.8387314560000001,3.1236021000000003
45.55,-11.6222013,2.72300094,2.18529522
45.65,-7.44766371,0.922987584,0.155491443
45.75,-3.84762915,-0.877029696,-3.9424231800000005
45.85,-0.936965853,-1.8536387400000003,-5.340308940000001
45.945,-0.305044893,0.06127708590000001,-7.84884366
46.04,0.8056040670000001,2.4932115,-6.91053678
46.14,2.2992383700000003,3.39322014,-4.0573179
46.24,3.52478205,9.59753502,-4.99562478
46.335,3.3715890900000005,4.3123779,-3.98072142
46.435,3.3715890900000005,4.82940414,-1.2423972600000002
46.531,2.06944893,5.6528163000000005,-0.380683917
46.631,2.6630716500000005,3.3549219000000003,0.28953528300000003
46.73,13.271654700000001,41.25105,8.56195218
46.83,23.248326600000002,18.6933474,1.95550578
46.925,26.599422600000004,5.42302686,-11.448858600000001
47.025,14.631222600000001,-21.4049295,-10.4340141
47.124,-1.91356803,-42.2008542,-1.79772174
47.22,0.843902307,-27.187924500000005,6.41725074
47.32,2.2226418900000002,-16.5984219,7.16406642
47.415,4.00351005,-6.372831060000001,5.3640491400000005
47.515,2.31838749,-4.821752340000001,5.30660178
47.611,-3.0625152300000003,-6.8898573,12.468411900000001
47.712,-5.705093790000001,-10.3175694,10.6300179
47.81,-6.89233923,-12.002633100000002,5.861926260000001
47.907,-6.96893571,-5.549418900000001,-0.0359996589
48.005,-9.30512835,-1.37491074,2.37678642
48.108,-7.79234787,-0.0919158741,7.010873460000001
48.205,-7.1987251500000005,-0.39830169600000004,7.35555762
48.3,-7.007233950000001,-0.953626176,9.36621522
48.395,-8.04128643,-9.45583938,9.7300485
48.491,-7.12212867,-12.8260845,5.49809298
48.59,-10.396638000000001,-16.675038,3.8129704200000005
48.687,-7.88809347,-11.9261151,1.85976018
48.785,-7.98383907,-8.91966402,1.18954098
48.88,-7.083830430000001,-4.1132349,2.1086987400000003
48.98,-14.0732298,-4.3047261,6.20661042
49.08,-13.0583853,-0.7429858560000001,3.85126866
49.175,-14.4179532,2.8761939,4.942768500000001
49.275,-13.766863500000001,7.4145353400000005,4.40659314
49.375,-12.31155,9.827363700000001,4.71297906
49.47,-9.15193539,11.627302499999999,2.30018994
49.57,-7.75404963,13.3507233,0.07889486490000001
49.667,-2.9093222700000005,11.186931600000001,0.34698264300000004
49.765,1.24603677,8.4294387,0.729965043
49.865,4.59713277,4.44642174,1.62997074
49.964,5.3822466900000006,3.5464131,2.72147058
50.06,5.55458877,3.50811486,3.3150933000000005
50.16,4.80777309,3.2208780600000004,4.52148786
50.255,4.6354310100000005,1.97618526,4.88532114
50.35,4.367343330000001,0.252768384,5.01936498
50.449,3.9843609300000002,-2.5621561800000006,4.90447026
50.55,1.38008061,-12.4431021,12.947139900000002
50.645,8.40780765,-4.5919629,0.672517683
50.74,9.28866717,-14.472889200000001,11.1087459
50.84,9.365263650000001,-11.026047600000002,6.97257522
50.935,10.2652821,1.65065022,5.24915442
51.032,-4.38380451,2.5889571,20.242935
51.129,-7.90724259,10.803949200000002,18.0981747
51.23,-7.734900510000001,6.2272899,14.479069500000001
51.325,-8.92214595,3.52726398,13.176890100000001
51.42,-11.0093706,4.54216734,9.347066100000001
51.52,-16.2179901,7.625175660000001,-0.936008397
51.62,-16.620102,5.365579500000001,-9.20843118
51.715,-13.0966443,-1.3940598600000003,-7.14032622
51.815,-13.5753723,-8.900514900000001,-5.608396620000001
51.913,-11.6413308,-16.7325246,2.18529522
52.009,-9.592365150000001,-20.715482700000003,8.332162740000001
52.11,-2.04761187,-13.6877949,8.21726802
52.209,-4.498699230000001,-7.674971220000001,11.4534693
52.305,-6.911488350000001,-0.819582336,13.827979800000001
52.405,-8.711505630000001,0.559154304,18.0024291
52.505,-9.74555811,-2.2940685000000003,15.704534700000002
52.6,-5.39870787,-1.75789314,6.34065426
52.7,-1.2624979500000002,-0.8961788159999999,1.64911986
52.795,-0.362492253,1.3825625400000001,-0.189192717
52.894,0.786454947,2.05278174,0.13634232300000002
52.99,0.671560227,3.8145007800000004,0.634219443
53.085,1.93540509,3.18257982,5.5172421
53.185,0.9779461470000002,4.23578142,4.15765458
53.282,-2.56463811,9.31029822,10.8407367
53.375,-1.70292771,10.3634802,23.2301781
53.475,-0.34334313299999997,26.1806337,22.387597200000002
53.575,8.73334269,17.2380339,3.14275122
53.665,7.68014109,7.51028094,-0.572175117
53.763,0.0396388746,5.557070700000001,20.798279100000002
53.861,-6.27956739,25.6061601,19.1897334
53.957,-1.81782243,17.793378,-2.83177422
54.054,-0.22844841300000002,8.180500140000001,-16.312754700000003
54.153,-1.58803299,-5.98984866,-4.74668622
54.25,-11.296607400000001,-3.0217350600000006,28.611061199999998
54.345,-9.78385635,1.76554494,29.491901100000003
54.44,-7.37106723,7.14644766,22.828066200000002
54.54,-3.79018179,4.84855326,11.7981927
54.635,-6.06892707,2.07193086,-13.2488955
54.732,-8.04128643,-2.9642877000000003,-22.8617145
54.83,-8.32852323,-0.685538496,-20.736181800000004
54.922,-4.65189219,4.1208867,-9.591413580000001
55.025,-5.83913763,7.127298540000001,5.689584180000001
55.12,-12.637045800000001,13.5997011,3.9087160200000004
55.215,-8.558312670000001,9.195403500000001,15.0535431
55.315,-4.57529571,11.2635477,9.9024102
55.41,-1.10930499,11.646530100000001,9.78749586
55.505,0.231130467,10.3634802,5.84277714
55.605,-1.70292771,4.73365854,-0.11259623700000002
55.702,-4.74763779,-2.83024386,-5.22541422
55.8,-8.13703203,-5.76005922,-5.18711598
55.895,-14.6860605,-4.1132349,-8.30842254
55.993,-12.598786800000001,1.93788702,-9.706308300000002
56.09,-14.3413371,6.26558814,-13.268025000000002
56.186,-11.851951500000002,5.365579500000001,-13.9766013
56.282,-8.73065475,1.6123519800000001,-10.0318041
56.38,-5.13062019,-2.52385794,-4.47859854
56.479,-4.824234270000001,-4.70685762,5.1342597
56.58,-6.47105859,-3.0217350600000006,9.74919762
56.67,-3.5986905900000004,-2.14087554,9.519408180000001
56.77,-1.6646294700000002,-1.3174633800000002,7.94918034
56.865,0.403472547,-1.1259721800000002,5.05766322
56.96,0.518367267,0.0804262059,5.93852274
57.06,-2.23910307,5.86345662,13.0811445
57.16,-0.0944049654,23.4806274,34.8345252
57.255,18.422787600000003,15.9358545,28.2089493
57.352,26.1973107,13.906067400000001,9.883280700000002
57.452,21.390901200000002,-21.672938700000003,-8.80629966
57.55,1.9162559700000001,-41.568894,-11.8893276
57.65,-2.7944275500000004,-23.741082900000002,4.96191762
57.748,-0.34334313299999997,-4.8791997,4.67468082
57.845,0.0970863327,-2.92598946,3.3150933000000005
57.944,0.13538486700000002,-9.64733058,18.2322774
58.04,7.25886045,-22.0942782,30.5643303
58.14,22.310098200000002,-16.3686717,1.74486546
58.24,22.884571800000003,-7.61752386,-3.59773902
58.335,4.67372925,-15.7750686,28.8216819
58.435,-15.183918000000002,-42.698711700000004,11.6449605
58.534,-4.63274307,-21.596420700000003,-8.30842254
58.631,-2.35399779,-9.245199060000001,-12.6361629
58.73,-1.12845411,-5.18558562,-8.365869900000002
58.83,0.99709821,-5.0706909,10.898125199999999
58.925,-8.232777630000001,4.0251411,13.5598725
59.025,-6.03062883,0.654899904,9.921539700000002
59.125,-6.73914627,-0.8578805760000001,11.3194647
59.22,-4.0008221100000005,1.13362398,-1.49133582
59.32,-0.8986676130000001,2.74215006,-14.4553293
59.415,0.460919907,5.595368940000001,-14.589333900000002
59.512,0.460919907,3.9102463800000002,-11.2191084
59.61,2.2609401300000003,3.79535166,-5.512651020000001
59.711,2.77796637,0.386812224,-7.84884366
59.81,3.2566943700000004,0.348513984,-7.695650700000001
59.905,6.301404450000001,1.2485187,-14.302097100000001
60.005,11.031246900000001,-4.994094420000001,-17.346826800000002
60.101,13.731253200000001,-9.743076180000001,-9.706308300000002
60.2,11.586591,-4.51536642,-3.2913531
60.3,-3.4646467500000004,12.508240500000001,-22.5937053
60.4,-6.89233923,0.0038296670400000004,-24.1256349
60.495,-5.72424291,-6.468576660000001,-13.6701369
60.595,-3.61783971,-6.62176962,-3.6743355
60.69,-0.534834333,-2.92598946,2.60657586
60.787,-5.39870787,-5.89410306,8.983232820000001
60.885,-12.0625722,5.193237420000001,12.4875414
60.984,-13.958354700000001,13.676317200000002,7.700241780000001
61.08,-10.7604909,5.384728620000001,3.6980757000000004
61.175,-9.726408990000001,-0.39830169600000004,-0.016850637
61.275,-10.683874800000002,-3.04088418,3.18104946
61.375,-8.232777630000001,-3.2132262600000003,4.52148786
61.47,-2.43059427,-0.7812840960000002,0.9406053630000001
61.57,0.173683107,-0.39830169600000004,-0.553025997
61.666,0.173683107,-3.5579104200000002,-0.284938317
61.765,1.62901917,-2.5813053,2.2618917
61.866,1.2843350100000002,-7.655822100000001,3.3150933000000005
61.965,-3.9242256300000005,-51.66053910000001,7.56619794
62.06,9.59505309,-33.870987,6.091715700000001
62.16,11.1652515,-11.2750254,-15.087191400000002
62.259,4.57798365,18.6742179,-38.5832205
62.355,3.3524399700000003,12.1826466,-34.7916555
62.455,10.456773300000002,8.46773694,-25.4085867
62.552,16.258897800000003,9.25285086,-11.295724500000002
62.649,12.8312838,13.7911923,-4.89987918
62.75,6.18650973,14.959269,8.08322418
62.845,-4.402953630000001,13.0827141,22.4067267
62.945,-11.7753354,10.191118500000002,24.876982800000004
63.044,-5.37955875,10.344350700000001,11.242848600000002
63.143,-0.99441027,5.193237420000001,2.9512600200000003
63.24,3.44818557,-3.3664192200000005,3.6980757000000004
63.338,1.16944029,-3.2132262600000003,10.151289900000002
63.434,0.537516387,0.386812224,12.583287
63.535,-1.14760323,2.4549132600000005,15.034315500000002
63.634,0.460919907,16.203961800000002,9.36621522
63.732,1.38008061,6.62942142,7.68109266
63.83,4.367343330000001,4.8102550200000005,-2.35304622
63.93,4.76947485,5.76771102,-0.553025997
64.027,3.65882589,1.32511518,-9.821183399999999
64.128,1.6864665300000001,5.30813214,-9.49566798
64.225,-2.33484867,5.9400531,-9.62971182
64.32,-5.85828675,7.4911318200000006,-5.32115982
64.42,-13.556242800000001,4.714509420000001,3.85126866
64.52,-18.764764200000002,-4.64941026,4.52148786
64.615,-17.1563166,-4.76430498,2.39593554
64.715,-18.132902100000003,3.62300958,-3.44454606
64.813,-5.1880675499999995,2.22512382,-4.6126423800000005
64.91,-0.515685213,4.06343934,-3.99987054
65.01,2.28008925,3.43151838,-3.55944078
65.105,2.50987869,1.47830814,-3.99987054
65.204,3.1035014100000002,2.07193086,-5.8764842999999995
65.3,21.639879000000004,40.197848400000005,-16.427629800000002
65.395,7.12481661,23.710475700000003,-25.7915691
65.49,13.3865298,26.984955600000003,-12.329698500000001
65.588,27.7101108,11.627302499999999,-11.467988100000001
65.688,19.227011400000002,2.6847027000000003,4.63638258
65.785,2.2034927700000004,-18.819798300000002,20.8174086
65.88,-2.25825219,-21.270826800000002,14.1343461
65.977,-0.726325533,-20.734710300000003,6.99172434
66.075,2.2034927700000004,-9.30264642,-1.26154638
66.17,2.6822207700000003,-8.230295700000001,-3.06156366
66.265,2.70136989,-4.64941026,-4.1530635
66.365,2.4332822100000002,-10.279212300000001,-5.47435278
66.46,3.5822294100000005,-16.4069307,-9.4190715
66.554,4.367343330000001,-16.234667100000003,-0.17004359700000002
66.655,5.47799229,-9.9537165,4.1768037
66.755,2.2226418900000002,-7.177094100000001,0.11719320300000001
66.85,-4.28805891,-15.621836400000001,-13.2106365
66.945,-5.55190083,-25.139007900000003,-12.0042027
67.045,-3.88592739,-22.0942782,2.2618917
67.144,-1.01355939,-20.734710300000003,12.927912300000001
67.245,2.95030845,-24.7176684,15.340779900000001
67.338,5.89927293,-25.3304991,5.82362802
67.435,7.048220130000001,-26.0389773,-1.01260782
67.535,6.856728930000001,-24.200681400000004,-7.0445806200000005
67.635,4.80777309,-22.2474123,-3.63603726
67.735,0.32687606700000005,-19.8921294,-0.706218957
67.832,-4.99657635,-12.309097500000002,-4.80413358
67.93,-7.600856670000001,-11.562262200000001,-5.47435278
68.029,-11.5073262,-13.0750623,-3.08071278
68.13,-9.13278627,-5.39622594,2.2810408200000003
68.225,-5.97318147,-1.0493757,0.46187736300000004
68.325,-3.1391117100000003,-5.549418900000001,-1.49133582
68.42,0.11623574700000001,-10.738810800000001,5.804478900000001
68.52,1.05454557,-8.555830740000001,14.670560700000001
68.62,2.0885980500000003,-4.76430498,14.517328500000001
68.715,1.60987005,-2.46641058,14.5939446
68.815,0.939647907,-2.27491938,14.344966800000002
68.915,0.518367267,-7.31113794,10.1321604
69.012,-0.47738697300000005,-12.213351900000001,1.2278392200000001
69.11,-1.70292771,-6.1813398600000005,-6.24031758
69.207,-3.15826083,-3.0217350600000006,-6.50840526
69.305,-4.65189219,2.2059747,-6.163721100000001
69.405,-4.76678691,5.288983020000001,-2.58283566
69.5,-5.245514910000001,12.1826466,4.90447026
69.6,-7.102979550000001,18.195489900000002,4.78957554
69.696,-1.8944189100000002,11.3975523,-0.093447117
69.795,-4.74763779,28.5360147,-0.150894477
69.891,3.54393117,28.497755700000003,-4.516896780000001
69.99,12.390814800000001,21.1636035,-9.591413580000001
70.088,8.522702370000001,-7.96220802,-23.110692300000004
70.185,3.3524399700000003,-29.7730557,-33.3554715
70.282,3.0077558100000004,-24.9857757,-11.314854
70.38,1.11199293,-20.504862,8.810890740000001
70.475,-2.48804163,-13.036705200000002,14.1152166
70.574,-7.65830403,-15.5452203,16.3364949
70.67,-3.7135853100000005,-19.3559148,4.981066740000001
70.765,-0.190150173,-9.20690082,-1.81687086
70.86,1.09284381,-5.39622594,-0.6487715970000001
70.958,3.7737206100000003,1.09532574,3.9661633800000002
71.05,0.346025187,-4.34302434,11.7407061
71.15,-4.51784835,-13.4388171,14.4024534
71.245,-8.13703203,3.3549219000000003,1.9172075400000002
71.34,-1.18590147,-8.82391842,1.26613746
71.438,0.518367267,-7.69412034,-3.5785899000000003
71.535,2.0120015700000002,-5.14728738,-3.99987054
71.63,2.0120015700000002,-3.0025859400000003,-4.13391438
71.725,1.53327357,-4.53451554,-4.3637038200000005
71.82,1.38008061,-1.87278786,-5.8764842999999995
71.915,1.30348413,-3.51961218,-5.37860718
72.015,4.80777309,-4.22812962,-34.485289200000004
72.11,12.237582600000001,-28.336871700000003,-14.8383117
72.208,18.288783000000002,-16.0431759,9.27046962
72.305,16.373871,6.1315443,-26.595792900000003
72.4,-2.81357667,-34.426331100000006,-20.506431600000003
72.5,-7.505111070000001,-21.979403100000003,20.013086700000002
72.6,-3.9050765100000002,-3.04088418,19.936568700000002
72.69,-2.33484867,0.06127708590000001,10.0939014
72.79,-2.2199539500000003,-4.18983138,3.67892658
72.89,-7.14127779,-9.723927060000001,4.15765458
72.985,-7.734900510000001,-10.1643372,10.725763500000001
73.081,-10.1860173,-8.59412898,9.74919762
73.18,-8.65405827,-8.862216660000001,4.7512773
73.277,-2.6412345900000003,-27.3602862,-12.099948300000001
73.375,-3.9050765100000002,-20.619737100000002,-4.28710734
73.47,-1.0327085100000002,-20.045263500000004,0.902307123
73.57,-1.14760323,-17.134636500000003,3.8129704200000005
73.665,-1.5114365100000002,-12.692079900000001,2.62572498
73.762,0.00134062479,-7.54092738,-2.64028302
73.86,-1.81782243,-11.0069181,-2.64028302
73.955,-5.13062019,-12.615463799999999,1.5342251400000002
74.049,-6.75829539,-8.28774306,7.98747858
74.15,-5.91573411,-1.66214754,8.25556626
74.245,-2.48804163,6.112395180000001,0.8257106430000001
74.345,-1.97101539,7.203895020000001,-2.98496718
74.44,1.22688765,3.2400271800000002,-5.608396620000001
74.54,1.41837885,4.15918494,-6.31691406
74.635,2.28008925,3.6996060600000003,-7.178624460000001
74.735,2.52902781,2.09107998,-8.231826060000001
74.835,2.45243133,1.6315011000000001,-8.11693134
74.93,3.0077558100000004,-9.01540962,-17.097849
75.025,2.0885980500000003,-14.7984831,-10.1467773
75.125,1.41837885,-17.3836143,3.48743538
75.22,3.16094877,-19.8921294,12.755648700000002
75.317,1.5715718100000002,-5.5111206600000004,6.704487540000001
75.415,-10.358379000000001,7.529430060000001,-14.6850795
75.515,-13.594501800000002,13.8294513,-28.5107049
75.612,-11.4498396,-0.149363136,-21.789383400000002
75.708,-9.43917219,-1.68129666,-11.391470100000001
75.805,-8.65405827,-8.11540098,-4.8232827
75.903,-9.63066339,-10.3558284,-0.11259623700000002
75.995,-8.577461790000001,-9.64733058,1.4959269
76.091,-8.060435550000001,-6.0089977800000005,3.48743538
76.188,-8.84554947,-0.8578805760000001,8.92578546
76.285,-8.32852323,3.58471134,13.7322342
76.38,-7.90724259,2.8761939,15.608789100000001
76.477,-5.0157254700000005,0.04212796590000001,12.1619475
76.577,-0.32419401300000006,-2.27491938,6.264057780000001
76.67,0.13538486700000002,-4.4196208200000004,3.83211954
76.767,0.0396388746,-5.47282242,1.7640145800000002
76.86,0.9204987870000001,-6.29623458,-1.01260782
76.955,3.1226505300000005,-12.4622316,-2.18070414
77.051,7.66099197,-14.721867,-14.7233385
77.15,16.1823798,-4.86005058,-16.1212635
77.245,9.63335133,11.2826772,-6.39351054
77.34,-2.23910307,32.5573299,-10.931871600000001
77.437,-1.30079619,19.5550578,-12.7701675
77.535,-1.4922873900000002,14.9018805,-6.757343820000001
77.63,1.2651858900000001,5.42302686,-1.05090606
77.725,3.3141417300000002,2.8761939,-1.16580078
77.82,2.52902781,2.4549132600000005,-4.3637038200000005
77.915,3.6013785300000003,3.0676851,-6.776492940000001
78.015,11.9695734,-0.8004332160000001,8.44705746
78.11,-1.81782243,25.7211333,-18.859626900000002
78.205,6.83757981,7.127298540000001,-7.867992780000001
78.301,-4.21146243,-3.0600333,-42.1258077
78.4,-2.04761187,45.8468388,-22.7851965
78.495,-1.3390944300000003,27.406197,3.6023301
78.59,-50.609790000000004,-24.5070477,65.54973330000001
78.69,3.75457149,-0.7238367360000001,1.57252338
78.795,3.52478205,0.329364864,0.5959212030000001
78.886,-1.18590147,2.05278174,1.13209362
78.975,-12.8668941,5.461325100000001,1.09379538
79.081,-14.6860605,21.240219600000003,-12.961658700000001
79.18,-12.120058799999999,24.169976100000003,-7.867992780000001
79.28,-6.94978659,17.8699941,1.72571634
79.375,-4.69019043,14.557157100000001,8.791741620000002
79.471,-4.80508515,-6.8898573,9.57685554
79.57,-7.65830403,-13.5154332,3.94701426
79.665,-7.06468131,-17.1921231,0.519324723
79.765,-8.67320739,-13.9559022,-2.58283566
79.861,-7.14127779,-6.8898573,-2.6594321400000003
79.96,-5.992330590000001,-1.70044578,-1.83601998
80.06,-3.50294499,1.11447486,0.11719320300000001
80.16,-3.23485731,1.2293695800000002,0.0022983947100000002
80.255,-3.5220941100000003,0.9995801400000001,2.85551442
80.355,-6.47105859,2.16767646,12.947139900000002
80.45,-0.975264093,-3.5579104200000002,21.9279987
80.55,0.863051427,-10.1643372,18.5769027
80.644,5.1333081300000005,-12.0409902,16.1450037
80.745,6.28225533,-13.1708079,9.42366258
80.843,3.3715890900000005,-11.562262200000001,-4.172212620000001
80.94,-2.81357667,-7.11964674,-13.3063821
81.04,-6.01147971,-6.0089977800000005,-12.2148234
81.14,-4.53699747,-4.89834882,-3.9232740600000002
81.239,-0.190150173,-4.821752340000001,1.4576286600000001
81.335,0.346025187,-3.28982274,4.90447026
81.435,-2.94762051,3.29747454,9.500259060000001
81.53,-2.71783107,11.3592933,23.9961429
81.629,0.614112867,18.157230900000002,24.876982800000004
81.725,6.780132450000001,6.34218462,8.60025042
81.82,6.33970269,13.446468900000001,12.2960502
81.92,5.45884317,15.5912292,23.9770134
82.015,5.78437821,5.882605740000001,34.8345252
82.11,5.037562530000001,15.5528721,38.664349200000004
82.208,7.871632290000001,27.329580900000003,24.0918885
82.305,10.361027700000001,30.4891857,3.5831809800000003
82.4,9.76739517,18.769963500000003,-5.512651020000001
82.495,4.55883453,19.574187300000002,-8.28927342
82.595,-0.936965853,22.0444434,-3.7892302200000003
82.69,-4.76678691,21.7380771,-2.58283566
82.784,-5.073172830000001,15.0933717,-0.936008397
82.88,-5.85828675,21.623202000000003,-1.6445287800000001
82.98,-2.27740131,12.8719953,3.5065845
83.075,1.32263325,5.02089534,2.1086987400000003
83.17,5.152457250000001,-2.8685421,6.4555489800000005
83.267,8.465255010000002,-4.821752340000001,6.5704437
83.365,7.35460605,-3.38556834,6.091715700000001
83.461,5.74607997,-0.647240256,4.77042642
83.56,3.8886153300000004,1.42086078,9.13642578
83.657,4.00351005,8.92731582,16.0875171
83.755,5.22905373,9.903881700000001,12.544929900000001
83.85,10.571648399999999,13.7337057,17.6960628
83.95,19.763226000000003,5.72941278,17.0258436
84.05,25.412216400000002,10.574100900000001,21.9854853
84.145,23.7845412,11.033699400000001,8.42790834
84.243,8.58014973,-0.99192834,-27.514989900000003
84.34,-1.09015587,2.12937822,-26.117064900000003
84.44,-7.25617251,9.9804978,-25.1404794
84.535,-12.0625722,-1.20256866,-14.3212266
84.635,-15.700905,-16.5792924,-13.2106365
84.733,-8.78810211,-13.0558347,-18.2851533
84.83,-4.99657635,-7.789865939999999,-12.980788200000001
84.93,-3.73273443,-4.821752340000001,-7.84884366
85.025,-3.33060291,-2.6770509000000002,5.19170706
85.122,-8.749803870000001,1.42086078,15.8195079
85.22,-4.728488670000001,-0.0153194922,16.164133200000002
85.317,-3.4646467500000004,0.5208560640000001,14.766306300000002
85.415,0.460919907,1.2293695800000002,10.6300179
85.511,1.0162473300000001,0.137873664,10.457754300000001
85.61,-1.05185763,-3.4238665800000003,14.019471000000001
85.705,-0.860369373,-7.21539234,14.1343461
85.807,-0.8986676130000001,-13.4963037,14.881181400000001
85.905,6.33970269,-18.647436600000002,4.61723346
86.0,13.635507600000002,-11.543132700000001,-3.2913531
86.1,10.648264500000002,7.203895020000001,-8.02118574
86.2,0.154533987,33.572272500000004,3.3533915400000005
86.295,-2.16250659,28.880738100000002,11.6832195
86.39,6.971623650000001,6.45707934,5.7087333
86.491,6.18650973,3.96769374,7.2981102600000005
86.59,5.28650109,4.5038691,5.268303540000001
86.685,1.32263325,15.0167556,14.7854358
86.782,-0.132702813,19.535928300000002,7.1449173
86.881,2.8162646099999997,12.699731700000001,1.5916725
86.98,3.48648381,10.4783553,-3.0424145400000002
87.078,0.575814627,4.08258846,-1.6445287800000001
87.173,-6.585953310000001,3.5655622200000003,7.8917329800000005
87.269,-10.645615800000002,7.24219326,19.1322468
87.365,-11.6222013,14.2699203,17.1024597
87.459,-8.15618115,17.793378,2.41508466
87.555,-7.007233950000001,10.995440400000001,-3.3296513400000003
87.654,-5.62849731,3.9293955000000005,-1.9317655800000002
87.75,-7.44766371,3.0676851,2.0321022600000003
87.845,-10.0902717,6.4187810999999995,2.5299793800000003
87.945,-9.61151427,6.72516702,0.42357912300000006
88.04,-7.37106723,5.32728126,-2.6211339
88.135,-3.33060291,3.6421587,-3.55944078
88.232,-0.305044893,2.35916766,-2.77432686
88.326,0.8822005470000001,1.97618526,-3.52114254
88.422,0.843902307,1.19107134,-4.3445547
88.52,0.250279587,6.49537758,-6.872238540000001
88.62,-0.860369373,6.1506934200000005,-16.217009100000002
88.715,1.83965949,10.9570833,-17.4999609
88.815,5.51629053,5.99750046,-12.8276541
88.91,6.37800093,7.4719827,-11.659479300000001
89.01,2.8162646099999997,-4.89834882,-8.82544878
89.11,-0.34334313299999997,-8.65157634,-17.863813800000003
89.205,-0.573132573,-2.52385794,-19.070247600000002
89.3,-0.132702813,1.93788702,-18.055305
89.4,-0.17100105300000001,13.2167187,-15.795767700000003
89.5,-4.28805891,9.042210540000001,1.84061106
89.595,-10.0902717,-33.775241400000006,25.4514564
89.695,-4.23061155,-37.6050654,11.0130003
89.793,4.2141503700000005,-15.679323000000002,-0.17004359700000002
89.89,10.4184162,-1.70044578,-2.31474798
89.985,9.30781629,-1.8153405,-2.79347598
90.085,7.2397113300000004,-3.50046306,-7.3126683
90.179,1.43752797,-13.764411,-10.6828938
90.28,-3.6944361900000002,-9.07285698,-19.070247600000002
90.376,-3.42634851,-6.10474338,-13.765882500000002
90.475,-2.3922960300000002,-7.3685853,-9.11268558
90.575,-1.8752697900000002,-8.574979860000001,-6.71904558
90.675,-2.3922960300000002,-3.8834454600000003,-2.31474798
90.77,-7.35191811,4.1208867,-3.52114254
90.867,-8.86469859,8.25709662,-13.1722794
90.965,-7.083830430000001,0.5208560640000001,-15.5850489
91.063,-6.79659363,-5.98984866,-11.238237900000001
91.16,-4.51784835,-8.3260413,-2.9275198200000005
91.255,-4.36465539,-7.11964674,2.1661461
91.353,-4.90083075,-3.50046306,5.88107538
91.455,-2.25825219,-0.302556096,6.16831218
91.551,-3.96252387,1.19107134,6.359803380000001
91.65,-2.8518749100000003,5.786860140000001,7.06832082
91.745,-3.1008134700000003,9.08050878,9.9597987
91.845,-3.2540064300000004,9.827363700000001,13.1960196
91.945,-3.3114537900000003,8.56348254,15.9535125
92.042,-3.7135853100000005,9.46349118,13.8471093
92.14,-5.05402371,0.233619264,12.870523799999999
92.237,-6.56680419,-1.3174633800000002,14.153475600000002
92.335,-8.883847710000001,3.0102377400000004,14.4598419
92.428,-6.87319011,6.84006174,9.4428117
92.53,-3.27315555,3.9102463800000002,2.31933906
92.625,1.93540509,0.942136704,-1.16580078
92.724,3.4673346900000004,-3.19407714,-0.457280397
92.82,4.57798365,-6.506874900000001,1.3044357000000002
92.915,1.15029117,-5.37707682,12.276920700000002
93.01,-4.78593603,-6.047296020000001,21.774864600000004
93.105,-4.53699747,-4.630261140000001,24.398254800000004
93.2,-0.917816733,-5.817506580000001,23.3450532
93.295,6.9907727699999995,-9.51328674,19.208862900000003
93.395,10.8206262,-9.8771004,13.5216135
93.49,10.188666,4.17833406,-0.4189821570000001
93.59,-7.1987251500000005,29.3785956,-2.83177422
93.685,-16.5052269,22.006184400000002,6.8576805
93.78,-11.2200894,10.0762434,5.6129877
93.875,-4.46040099,1.2485187,1.72571634
93.975,-0.247597533,3.0293868600000002,1.4767777800000002
94.067,-0.151851933,0.5208560640000001,2.3576373
94.165,0.00134062479,-3.19407714,1.26613746
94.26,-2.10505923,-1.6238493000000003,1.9363566600000002
94.357,-1.07100675,-24.6219228,-12.808426500000001
94.45,0.518367267,-14.6261214,-5.4935019
94.55,-1.41569091,-6.660067860000001,6.74278578
94.645,-9.63066339,10.191118500000002,10.8789957
94.74,-12.2540634,23.710475700000003,11.3002371
94.837,-7.06468131,17.5444002,6.493847220000001
94.935,-4.80508515,17.5252707,3.2959441800000002
95.031,-1.8752697900000002,14.327406900000001,3.6980757000000004
95.13,-1.16675235,3.39322014,4.92361938
95.23,-2.5454889900000004,-9.8388414,9.28961874
95.325,-6.624251550000001,-15.3154701,11.8364517
95.425,-6.585953310000001,-12.021860700000001,8.983232820000001
95.52,-7.67745315,-12.251610900000001,6.53214546
95.615,-6.22212003,-8.5175325,1.74486546
95.715,-4.07741859,-5.5877171400000005,-1.1849499000000001
95.81,-2.10505923,-2.35151586,1.2469883400000001
95.907,-0.573132573,-1.16427042,1.36188306
96.007,-0.0561066273,-2.23662114,2.30018994
96.107,1.4566770900000001,-0.819582336,3.27679506
96.205,1.4949753300000002,-1.89193698,4.29169842
96.302,1.4949753300000002,-2.5813053,4.52148786
96.402,17.675952300000002,-3.1366297800000003,107.21839500000002
96.494,13.8078693,-24.564534300000002,30.966442200000003
96.595,21.4675173,-19.6048926,4.90447026
96.693,25.776069300000003,-11.1409227,-3.8466775800000006
96.79,5.248202850000001,35.02758600000001,6.6661893
96.89,-6.93063747,33.8977683,23.038686900000002
96.985,-6.04977795,22.7721492,14.019471000000001
97.083,-1.24334883,18.9423252,4.61723346
97.181,3.4673346900000004,14.921009999999999,-2.12325678
97.281,8.42695677,2.3017203000000004,-3.1573092600000003
97.377,-1.6837785900000002,-7.31113794,-4.5360459
97.475,-3.5795414700000006,-15.6601935,2.75976882
97.57,-2.87102403,-11.4856461,4.3682949
97.67,-0.611430813,-8.93881314,1.5916725
97.765,-4.1731641900000005,-15.583577400000001,2.18529522
97.865,-1.8752697900000002,-10.279212300000001,8.159820660000001
97.958,2.10774717,-4.8791997,3.94701426
98.06,3.18009789,-2.17917378,2.6448741000000004
98.157,0.288577827,-4.13238402,7.77683826
98.255,0.13538486700000002,-6.71751522,16.604602200000002
98.35,3.02690493,-7.3494361800000005,10.266263100000002
98.45,4.06095741,-6.48772578,7.642794420000001
98.55,3.85031709,-9.1877517,6.359803380000001
98.645,3.9843609300000002,-8.402637780000001,3.14275122
98.74,-5.896584990000001,-16.5219039,12.3726663
98.84,-10.645615800000002,-14.089906800000001,19.534358700000002
98.934,-7.2753216300000005,-15.621836400000001,15.934383000000002
99.03,-4.11571683,-10.4324445,3.94701426
99.127,-9.61151427,-1.1451213,6.4746981
99.224,-16.792463700000003,9.8464932,25.049344500000004
99.317,-13.5179838,0.808092864,27.2514933
99.414,-4.36465539,-8.97711138,15.570530100000001
99.515,1.39922973,-5.39622594,4.96191762
99.607,1.9545542100000002,-0.0344686122,1.5916725
99.703,3.9269135700000004,11.3592933,-0.131745357
99.803,4.59713277,5.30813214,3.3150933000000005
99.897,3.9269135700000004,6.01664958,1.2469883400000001
99.993,4.48223805,4.714509420000001,2.6448741000000004
100.09,3.4673346900000004,2.81874654,6.24490866
100.185,2.62477341,2.60810622,7.4704523400000005
100.28,2.16519453,-1.1259721800000002,17.1024597
100.38,10.724880599999999,6.16984254,19.9173411
100.475,13.3291413,9.9231093,16.2407493
100.575,14.171722200000001,12.9294819,13.2726357
100.67,16.124893200000002,8.16135102,15.4365255
100.765,17.0823492,4.2166323000000006,13.1577606
100.86,17.3504565,0.310215744,7.738540020000001
100.955,12.544047,-12.347356500000002,-13.1722794
101.05,1.59072093,-19.719767700000002,-17.863813800000003
101.15,-0.0944049654,-22.7644974,-3.40624782
101.245,1.55242269,-19.5665355,12.8130372
101.343,5.49714141,-11.4856461,12.927912300000001
101.44,11.950345800000001,-9.64733058,6.723636660000001
101.535,14.1908517,-9.60903234,4.92361938
101.635,15.2249238,0.348513984,-5.7041422200000005
101.727,6.531193890000001,11.4741684,13.368381300000001
101.826,2.50987869,17.295520500000002,-4.6126423800000005
101.925,0.0587880927,11.914539300000001,2.22359346
102.018,0.21198134700000001,3.9102463800000002,-2.06580942
102.115,-0.305044893,5.193237420000001,1.2086901
102.21,-0.38164137300000006,4.8102550200000005,1.84061106
102.305,-0.247597533,4.48471998,1.84061106
102.4,-0.40079049299999997,7.93156158,5.63213682
102.503,5.28650109,48.125603700000006,16.6237317
102.6,21.1419234,13.3124643,4.3682949
102.695,16.680237299999998,8.6209299,-8.1743787
102.793,3.42903645,-29.8305423,18.4428981
102.89,-5.666795550000001,-27.839014199999998,24.551487
102.989,-1.99016451,-20.6963532,16.0492581
103.085,4.367343330000001,-30.8071278,5.72788242
103.183,7.890781410000001,-17.000631900000002,-0.284938317
103.28,10.629135,-14.5303758,5.478943859999999
103.377,9.78654429,-21.213438300000004,18.9598851
103.475,11.8354707,-11.7153963,8.21726802
103.573,8.96313213,-4.89834882,1.7831637
103.67,9.709947810000001,-3.7685507400000002,-1.77857262
103.77,10.648264500000002,-1.68129666,-12.980788200000001
103.865,8.04397437,2.6847027000000003,-19.5298461
103.96,10.878014700000001,-1.22171778,-12.4063146
104.06,7.22056221,-9.30264642,-15.4127853
104.156,0.26942870700000005,-19.5665355,-7.75309806
104.255,-1.07100675,-19.3559148,5.93852274
104.355,-3.9242256300000005,-15.9282027,13.2343767
104.45,-4.11571683,-12.6537228,13.349251800000001
104.55,-4.19231331,-11.5239051,11.3194647
104.645,-7.639154910000001,-5.70261186,17.255691900000002
104.743,-13.269006000000001,-11.811141899999999,22.2152355
104.84,-8.61576003,-16.789913100000003,14.7854358
104.94,-1.54973475,-15.0091038,-2.29559886
105.035,3.50563293,-0.762134976,-7.75309806
105.13,4.65458013,5.384728620000001,-7.06372974
105.23,5.8035273300000005,8.65922814,2.01295314
105.328,4.4630889300000005,-0.8004332160000001,11.376853200000001
105.425,3.9843609300000002,-8.555830740000001,13.138631100000001
105.523,6.51204477,-8.91966402,4.981066740000001
105.62,9.11632509,-5.5877171400000005,1.0363480200000001
105.72,9.74824605,-5.836655700000001,-1.2423972600000002
105.813,9.11632509,-3.8834454600000003,-2.75517774
105.91,7.66099197,-3.1366297800000003,-5.99137902
106.005,11.682336600000001,-23.2432254,-16.6382505
106.104,10.571648399999999,-10.738810800000001,-14.1297354
106.199,5.68863261,-21.8261709,-37.5107913
106.295,11.8354707,-2.7536473800000003,-5.2828615800000005
106.394,-1.76037507,31.0445298,-25.9255737
106.49,-5.97318147,11.3018067,-31.9575465
106.589,-0.32419401300000006,0.118724544,-5.64669486
106.684,-0.017808387300000002,-0.053617634100000006,-3.0998619
106.779,-0.726325533,-3.9408928200000006,-5.47435278
106.875,-0.40079049299999997,-3.8259981000000005,-4.03816878
106.97,-0.0944049654,-4.6877085,-7.56160686
107.068,0.231130467,-6.10474338,-6.10627374
107.163,-0.956114973,-11.2558959,-4.59349326
107.264,-0.764623773,-11.830369500000002,4.82787378
107.36,1.53327357,-10.5473196,5.65128594
107.455,-4.44125187,-0.13021401600000002,2.22359346
107.555,-12.847764600000001,9.78902622,-13.8424986
107.655,-14.590314900000001,15.0933717,-13.5743913
107.751,-10.645615800000002,8.29539486,-13.612748400000001
107.85,-7.71575139,2.99108862,-6.891387660000001
107.946,-11.1817323,3.0676851,-4.03816878
108.045,-8.94129507,1.55490462,-3.9232740600000002
108.143,-10.0711422,4.9825971,-0.687069837
108.239,-9.209382750000001,-0.6663893760000001,-0.687069837
108.34,-8.80725123,-0.0153194922,4.004461620000001
108.435,-8.73065475,3.6996060600000003,7.413004980000001
108.535,-7.6966022700000005,14.9401395,5.995970100000001
108.63,-6.98808483,9.11880702,0.442728243
108.725,-3.23485731,5.21238654,1.34273394
108.83,-3.40719939,8.25709662,-2.94666894
108.925,-0.99441027,3.8145007800000004,-4.40200206
109.02,-0.917816733,2.37831678,-5.45520366
109.12,-0.0752558454,1.6697993400000002,-3.9615723000000003
109.215,0.594963747,3.3549219000000003,-3.88497582
109.315,0.460919907,3.8145007800000004,-4.89987918
109.41,0.0779371146,2.8761939,-4.516896780000001
109.505,0.231130467,1.6697993400000002,-5.18711598
109.605,1.09284381,-0.321705216,-9.36162414
109.699,23.0951925,9.2911491,-55.2620844
109.8,12.390814800000001,-19.681508700000002,-9.09353646
109.9,17.848314,-14.721867,3.8895669
109.995,-3.04336611,21.7380771,-38.946975300000005
110.095,-3.86677827,10.2103461,-45.3811581
110.195,-0.860369373,-0.321705216,-23.283054000000003
110.29,2.7588172500000003,-2.16002466,-3.42539694
110.39,4.38649245,6.284737260000001,-14.0914764
110.485,7.143965730000001,-0.551494656,-0.380683917
110.585,5.17160637,-3.0217350600000006,1.9746549
110.68,-15.088172400000001,-41.2242687,58.273067700000006
110.775,-8.29022499,-22.419774000000004,9.38536434
110.875,1.7247647700000002,-13.5920493,-1.2040990200000001
110.975,0.0779371146,-5.62601538,-3.1573092600000003
111.07,-1.47313827,22.9061538,-8.423317260000001
111.165,-5.53275171,18.9231957,-6.69989646
111.265,-5.800839390000001,17.601886800000003,-3.9232740600000002
111.36,-0.592281693,4.5613164600000005,-6.355212300000001
111.455,-2.60293635,5.80600926,1.6874181000000001
111.555,-6.164672670000001,17.7167619,6.589592820000001
111.65,-2.77527843,13.0634865,4.2725493
111.747,-7.6966022700000005,24.706190700000004,6.74278578
111.845,-4.30720803,26.5444866,11.7789651
111.943,-0.917816733,15.0933717,12.2385636
112.043,1.2651858900000001,11.033699400000001,13.7704932
112.14,5.09500989,10.497582900000001,3.62147922
112.24,2.60562429,7.720921260000001,-1.31899374
112.335,2.6822207700000003,8.39114046,-2.67858126
112.435,-0.11355369300000001,10.171989,-3.6934846200000004
112.535,-0.40079049299999997,9.827363700000001,-2.4487918200000003
112.63,-2.06676099,9.903881700000001,-1.6636779
112.725,-2.2199539500000003,9.003912300000001,-1.7019761400000002
112.825,-4.07741859,9.78902622,-3.42539694
112.925,-4.19231331,14.2890498,-7.178624460000001
113.021,-2.73698019,12.6422451,-4.172212620000001
113.12,-1.58803299,12.2975217,-3.0232654200000004
113.219,-1.07100675,9.827363700000001,-1.97006382
113.315,0.786454947,2.37831678,-0.11259623700000002
113.41,1.38008061,-6.966453780000001,0.978903603
113.51,-2.92847139,-12.4622316,-1.97006382
113.605,-3.86677827,-15.621836400000001,-7.58075598
113.7,-1.6454803500000001,-8.17284834,-7.58075598
113.8,-0.6688781730000001,-4.745155860000001,-5.18711598
113.897,-3.6752870700000004,-11.887758,-9.9935451
113.994,-3.04336611,-7.9430589000000005,-9.610562700000001
114.095,-2.08591011,-4.3047261,-6.948835020000001
114.193,-6.01147971,-0.704687616,-7.82969454
114.29,-7.313619870000001,1.07617662,-9.3233259
114.389,-6.43276035,-0.474898176,-6.853089420000001
114.485,-6.6051024300000005,-0.762134976,-3.7700811
114.581,-7.6200057900000004,1.8229923000000001,0.270386163
114.68,-7.14127779,9.520938540000001,1.64911986
114.775,-4.3455062700000004,11.742275700000002,-1.6253796600000001
114.873,-3.19655907,10.306091700000001,-5.0339230200000005
114.969,-2.56463811,9.75072798,-12.7701675
115.067,-1.93271715,15.9933411,-25.4852028
115.165,2.96945757,21.7380771,-9.916929
115.26,6.875878050000001,19.0380708,4.57893522
115.355,2.14604541,-15.621836400000001,-1.7594235000000003
115.45,-0.11355369300000001,-27.302799600000004,-29.066049
115.55,1.4949753300000002,-18.0538335,-23.9149161
115.646,4.15670301,-14.721867,-12.4638012
115.743,5.17160637,-9.41754114,-3.06156366
115.84,6.550343010000001,-0.360003456,-0.22749095700000002
115.935,5.45884317,0.176171904,-8.44246638
116.03,6.952474530000001,-3.99834018,-3.8658267
116.126,7.182263970000001,-3.5579104200000002,2.47253202
116.225,5.248202850000001,-3.32812098,4.23425106
116.32,5.209904610000001,-0.9153279360000001,5.01936498
116.417,4.50138717,0.9612858240000001,5.172557940000001
116.512,3.1226505300000005,3.0293868600000002,9.806644980000002
116.61,1.2651858900000001,4.00599198,13.2917652
116.705,3.3141417300000002,0.6357507840000001,26.408912400000002
116.805,11.62485,-14.8558716,18.6535188
116.9,9.09717597,-3.84514722,4.8470229
116.995,4.6354310100000005,-0.762134976,-2.0275111800000003
117.093,-12.196674900000001,-11.2750254,6.22575954
117.19,-9.51576867,-21.6921663,-5.148817740000001
117.285,-2.7944275500000004,-6.928155540000001,-14.5318473
117.38,-2.56463811,-2.2557702600000002,-10.070161200000001
117.48,-5.571049950000001,-0.877029696,-13.4403867
117.575,-1.05185763,4.23578142,-3.42539694
117.674,-4.498699230000001,13.484826000000002,6.83853138
117.77,-4.30720803,11.608173,9.347066100000001
117.87,0.5566655070000001,19.976397300000002,3.52573362
117.965,0.00134062479,8.02730718,0.7108159230000001
118.062,-0.151851933,10.2103461,-1.16580078
118.161,-0.305044893,8.65922814,-5.148817740000001
118.26,-0.8986676130000001,7.7592195,-7.29351918
118.355,-2.08591011,9.9422388,-6.2020193400000005
118.453,-7.505111070000001,16.0699572,0.9406053630000001
118.55,-10.300892400000002,5.95920222,13.9237254
118.65,-6.394462110000001,2.47406238,10.9747413
118.745,-2.0093136300000003,1.65065022,4.8470229
118.843,-1.6454803500000001,-0.16851225600000003,3.04700562
118.94,-0.936965853,-0.474898176,2.97040914
119.04,-7.14127779,-3.2132262600000003,7.738540020000001
119.135,-10.9711116,-1.5281037,14.0386005
119.235,-9.956169,-2.69620002,14.747078700000001
119.331,-7.6966022700000005,-2.0834281800000003,13.023657900000002
119.429,-11.373223500000002,0.808092864,17.9832996
119.53,-9.47747043,5.09749182,14.670560700000001
119.625,-8.73065475,1.03787838,10.6300179
119.72,-7.88809347,-5.53026978,10.2087765
119.82,-11.526455700000001,-8.9962605,17.715192300000002
119.915,-9.8221644,-1.3174633800000002,16.2982359
120.012,-7.332768990000001,5.51877246,8.83003986
120.11,-3.1008134700000003,-0.762134976,3.94701426
120.21,-4.69019043,-1.18341954,5.00021586
120.309,0.288577827,0.6357507840000001,3.7938213000000003
120.405,4.118404770000001,1.8612905400000002,4.57893522
120.5,4.80777309,3.9102463800000002,3.94701426
120.6,3.85031709,3.87194814,2.72147058
120.695,2.62477341,6.112395180000001,0.615070323
120.793,-9.075338910000001,25.950883500000003,3.27679506
120.89,4.40564157,17.0082837,-3.0041163
120.99,7.795035810000001,11.0720565,-9.78290478
121.09,9.49930749,13.254977700000001,-7.9828875
121.185,12.371685300000001,20.570000399999998,-0.782815437
121.281,15.148307700000002,13.140102600000002,-1.4147393400000001
121.38,14.3439858,11.225190600000001,-11.372242499999999
121.471,0.13538486700000002,16.1082162,-13.421257200000001
121.57,6.33970269,25.3572804,3.5831809800000003
121.665,7.83333405,19.8231651,12.0279429
121.76,1.9545542100000002,17.1997749,6.608741940000001
121.86,-6.96893571,36.2339217,-18.1319211
121.955,-8.079584670000001,38.1105747,-2.39134446
122.05,1.47582621,22.3891668,10.3811382
122.148,11.280126600000001,4.00599198,3.2001985800000003
122.243,9.05887773,2.5506588600000004,4.52148786
122.34,13.1759091,-0.417450816,0.193789683
122.435,13.482275399999999,-1.89193698,-3.52114254
122.53,12.2568102,-2.04512994,-14.225481
122.631,9.13547421,13.7337057,-39.55980600000001
122.73,9.80569341,36.9041409,-3.1764583799999997
122.828,15.014205,18.1763604,-1.5679323
122.924,24.1483941,15.1698897,0.28953528300000003
123.02,25.2589842,22.274291700000003,-11.2191084
123.115,9.9014292,20.3593797,29.089789200000002
123.21,0.460919907,34.7019921,35.0260164
123.31,3.7737206100000003,34.3382373,-0.3615347970000001
123.404,11.280126600000001,11.129445,-18.8212698
123.505,19.763226000000003,11.569914,-6.22116846
123.602,24.741997200000004,1.2485187,4.78957554
123.7,23.133451500000003,0.942136704,4.5597861
123.8,18.8248995,-4.17068226,9.021531060000001
123.895,12.6780516,-12.4431021,25.681304700000002
123.993,10.1120499,-9.80052354,25.145090100000004
124.09,12.237582600000001,-12.6537228,16.930098
124.19,13.4248869,-12.500588700000002,12.5641575
124.285,15.090821100000001,-5.5877171400000005,7.2406629
124.38,18.154680300000003,-16.004818800000002,8.485355700000001
124.48,18.327042000000002,-25.4836332,-10.299911400000001
124.579,12.505689900000002,-23.4155871,-15.4127853
124.677,11.2036086,-28.413487800000002,0.36613176300000005
124.775,14.669579700000002,-23.4921051,22.617445500000002
124.875,19.5717348,-15.602706900000001,16.9492275
124.97,22.616464500000003,-9.43669026,7.25981202
125.065,18.6334083,-3.74940162,-5.512651020000001
125.165,11.950345800000001,0.827241984,-7.791396300000001
125.26,4.69287837,2.03363262,-13.1531499
125.355,1.13114205,4.27407966,-12.291439500000001
125.455,-0.534834333,7.24219326,-5.9530807800000005
125.555,0.346025187,13.1784597,-5.09137038
125.649,-3.5603923500000003,13.408209900000001,-2.54453742
125.755,-3.96252387,16.7593059,2.08954962
125.85,-2.77527843,13.867808400000001,2.39593554
125.945,-1.9518662700000002,7.2804915,4.48318962
126.045,-5.14976931,7.854965100000001,6.781084020000001
126.141,-7.16042691,-0.0727667541,8.23641714
126.24,-6.01147971,-11.6962668,-2.00836206
126.335,-8.385970590000001,-17.632494,-11.7360954
126.43,-8.46256707,-15.1814655,-16.1595225
126.529,-5.78169027,-12.328227,-12.291439500000001
126.625,-4.28805891,-9.8771004,-8.882896140000001
126.72,-4.63274307,-7.177094100000001,-8.38501902
126.817,-1.99016451,-4.400471700000001,-7.48501038
126.915,0.231130467,-1.35576162,-8.270124299999999
127.01,-2.25825219,-2.02598082,-7.676501580000001
127.103,0.537516387,-2.63875266,-2.16155502
127.2,2.83541373,-3.4621648200000004,1.26613746
127.295,3.4673346900000004,-1.9493843400000002,1.85976018
127.392,3.69712413,-2.6770509000000002,4.06190898
127.49,2.95030845,-4.400471700000001,6.20661042
127.59,2.50987869,-12.060119700000001,16.5471156
127.685,6.10991325,-8.30689218,25.1068311
127.78,10.3418982,-7.483480020000001,16.7960934
127.876,17.675952300000002,-6.3153837,4.598084340000001
127.97,19.2653685,-1.2791651400000001,1.2278392200000001
128.068,18.4036581,1.65065022,1.74486546
128.165,10.8206262,7.93156158,6.93427698
128.26,-16.6009725,8.7166755,41.230350900000005
128.358,-9.400873950000001,12.1443876,27.596216700000003
128.455,1.22688765,5.61451806,11.4152103
128.548,-2.52633987,9.55923678,9.57685554
128.645,-3.1199625900000005,10.191118500000002,-2.6594321400000003
128.741,-1.6454803500000001,2.60810622,-14.7999546
128.837,-3.42634851,0.348513984,-10.4340141
128.935,-7.39021635,3.62300958,-18.208537200000002
129.032,-8.42426883,6.054947820000001,-7.8871419000000005
129.13,-10.9519821,4.35067614,-13.8233691
129.225,-8.76895299,2.8953430200000003,-8.78715054
129.322,-6.719997150000001,6.87835998,-4.74668622
129.42,-5.896584990000001,4.65706206,3.7746721800000005
129.52,-4.70933955,-3.1174806600000005,4.63638258
129.615,-3.9433747500000003,-8.07710274,-0.0359996589
129.71,-3.5220941100000003,-5.70261186,-9.610562700000001
129.81,-4.70933955,-0.7812840960000002,-16.274495700000003
129.91,-4.38380451,2.5506588600000004,-12.961658700000001
130.005,-3.33060291,2.7612991800000004,-7.52330862
130.105,-3.29230467,0.310215744,-5.838186060000001
130.2,-2.52633987,-1.64299842,-2.64028302
130.3,-1.47313827,0.15702278400000003,-1.77857262
130.4,-1.77952419,-0.608942016,3.4108389000000003
130.495,-0.99441027,-0.513196416,5.3257509
130.593,1.5715718100000002,0.8655402240000001,7.35555762
130.69,1.55242269,-2.14087554,8.52365394
130.784,-0.8986676130000001,-6.71751522,28.840909500000002
130.882,6.358851810000001,-7.885611540000001,27.2323638
130.98,13.1567796,-6.832409940000001,17.1215892
131.08,17.848314,-9.053707860000001,15.4365255
131.175,16.546134600000002,-11.2558959,2.31933906
131.275,2.05029981,13.4656965,-43.3130139
131.37,-2.44974339,15.533742600000002,-35.0597628
131.47,1.7439138900000002,11.6656596,-19.2617388
131.565,4.90351869,19.6125444,-10.740380400000001
131.665,3.90776445,12.9677409,4.11935634
131.76,4.34819421,5.42302686,11.7215766
131.86,2.6822207700000003,0.693198144,14.421582899999999
131.958,-2.12420835,-0.39830169600000004,16.9492275
132.055,0.729007587,0.06127708590000001,8.31301362
132.151,3.85031709,2.05278174,2.30018994
132.25,3.96521181,2.6464044600000003,1.28528658
132.346,3.33329085,4.48471998,2.30018994
132.445,1.43752797,6.91665822,2.5299793800000003
132.545,0.958797027,13.6188306,3.5448827400000003
132.643,2.8162646099999997,23.825350800000002,12.659903100000001
132.741,8.88653565,16.165702800000002,17.1215892
132.835,14.2674678,1.1719222200000001,5.900224500000001
132.935,14.2291107,-1.83448962,2.47253202
133.033,-8.48171619,6.1315443,-9.30417678
133.13,-14.207332500000001,52.549030800000004,-17.6531931
133.225,-1.4539891500000002,27.425326500000004,-2.21900238
133.32,2.77796637,17.2189044,4.92361938
133.415,11.4524883,10.9379538,-15.700022100000002
133.515,-3.15826083,-10.4324445,-25.331970600000002
133.61,-4.76678691,2.6464044600000003,-22.631964300000003
133.706,-3.38805027,6.66771966,-11.0467467
133.805,-3.0050678700000004,12.1826466,-2.48709006
133.9,-2.33484867,3.9485446200000003,2.51083026
133.995,0.958797027,0.386812224,1.4576286600000001
134.095,-1.7412259500000002,2.53150974,2.7789179400000004
134.19,-0.7837728930000001,-3.9408928200000006,5.40234738
134.285,-3.3497520300000003,-7.73241858,6.3023560199999995
134.379,-3.04336611,-7.21539234,1.5342251400000002
134.475,-2.87102403,-0.360003456,-2.1041076600000004
134.575,-5.09232195,9.40604382,-1.16580078
134.671,-8.96044419,18.7124769,1.8789093000000001
134.722,-9.03704067,16.3188369,4.88532114
134.865,-9.03704067,13.235848200000001,-11.525474700000002
134.96,-0.7071764130000001,4.17833406,0.749114163
135.056,0.288577827,1.4017116600000001,0.46187736300000004
135.155,0.11623574700000001,4.25493054,-0.4189821570000001
135.25,-0.630579933,5.193237420000001,1.4001813
135.35,-6.27956739,14.2507908,29.740878900000002
135.445,-0.305044893,26.5636161,23.0578164
135.545,7.9865270100000005,16.0124706,-2.73602862
135.643,5.612036130000001,-21.558063600000004,-3.8658267
135.741,-3.3114537900000003,-28.604979000000004,20.836538100000002
135.84,-2.04761187,-21.194210700000003,20.242935
135.94,4.53968541,-13.0750623,11.0322279
136.04,8.848237410000001,-4.726006740000001,3.9087160200000004
136.14,8.92483389,-2.31321762,2.43423378
136.235,7.9865270100000005,-2.46641058,3.42998802
136.333,7.3163078100000005,-2.5430070600000003,2.81721618
136.431,6.43544829,-3.5579104200000002,1.5342251400000002
136.53,6.263106210000001,-4.26642786,-1.72112526
136.629,5.8035273300000005,-2.6579017800000004,-2.8126251000000004
136.725,18.365301000000002,-11.600521200000001,-19.2999978
136.826,26.101565100000002,1.9187379000000002,-30.866085899999998
136.925,3.7354223699999998,-3.23237538,2.75976882
137.02,29.739897900000003,21.335965200000004,-8.00203662
137.12,-14.207332500000001,21.240219600000003,6.915127860000001
137.217,-7.96468995,39.642504300000006,-30.923572500000002
137.315,-1.4922873900000002,14.595416100000001,-12.310569
137.415,2.2226418900000002,1.6315011000000001,0.557622963
137.51,0.11623574700000001,5.00174622,5.900224500000001
137.607,-1.41569091,10.6698465,9.04068018
137.705,3.63967677,26.2763793,11.7215766
137.801,7.35460605,22.178546100000002,0.787412403
137.9,10.7440101,18.865709100000004,-2.29559886
137.997,3.96521181,28.8615105,0.270386163
138.095,1.59072093,34.0510005,-10.395657000000002
138.192,10.361027700000001,6.76346526,-3.52114254
138.293,10.839755700000001,1.55490462,-8.097782220000001
138.393,11.8163412,5.9400531,-8.097782220000001
138.49,12.065319,5.57621982,-7.791396300000001
138.584,6.722685090000001,10.4592258,-6.6424491
138.685,5.535439650000001,8.79327198,-2.85092334
138.78,4.59713277,7.3762371,-2.2764497400000003
138.877,3.8120188500000003,2.8570447800000003,-1.3764411
138.975,0.652411107,10.13373,-2.8126251000000004
139.07,-3.54124323,31.7913651,-14.972316300000001
139.165,4.865220450000001,11.818793699999999,-1.79772174
139.26,-0.7837728930000001,5.882605740000001,7.1449173
139.356,-5.20721667,-4.1132349,12.4300548
139.455,-5.20721667,-3.8834454600000003,11.4152103
139.548,-6.7774445100000005,11.550784500000002,2.8363653
139.645,-10.568999699999999,9.712429740000001,19.1322468
139.743,-3.96252387,13.963554,8.54280306
139.843,-1.7986733099999999,15.495483600000002,7.3364085
139.935,2.7971154900000004,7.64432478,6.32150514
140.033,3.69712413,-2.16002466,8.04492594
140.13,3.50563293,-9.53243586,11.395982700000001
140.225,4.290746850000001,-4.572813780000001,9.2513205
140.32,3.96521181,-3.32812098,9.481109940000001
140.412,5.66948349,0.27191750400000003,4.71297906
140.515,4.520536290000001,12.8719953,13.0428855
140.61,9.671649570000001,25.491285,17.6386743
140.705,12.352555800000001,19.8614241,17.9259111
140.802,18.8632566,9.11880702,11.8364517
140.9,22.386616200000002,4.90600062,10.955611800000002
140.995,20.9121732,-7.90476066,10.496013300000001
141.09,8.31206205,-22.687881300000004,-25.0256043
141.185,-2.35399779,-23.741082900000002,-27.0171324
141.282,0.0587880927,-12.730338900000001,-8.4616155
141.38,2.16519453,-3.32812098,1.62997074
141.475,2.50987869,-1.2600160200000001,2.4533829
141.572,3.2183961300000004,0.769794624,1.7065672200000002
141.67,7.60354461,-0.360003456,20.549301300000003
141.766,2.24179101,-3.51961218,10.7641206
141.86,-1.58803299,-4.4196208200000004,16.604602200000002
141.955,1.5715718100000002,-4.151533140000001,12.2576931
142.053,-2.1433574699999998,-6.143041620000001,17.7918084
142.15,-0.362492253,-4.47706818,-1.6253796600000001
142.245,-15.7775211,6.59112318,-13.1531499
142.34,-18.056286,-13.9175451,9.021531060000001
142.436,-11.794563,-22.381515,-6.39351054
142.533,-6.33701475,-15.6601935,-7.33181742
142.63,-7.16042691,-14.6452509,-6.18287022
142.725,-3.73273443,-8.28774306,5.344900020000001
142.818,-3.44549763,-12.4622316,13.674747600000002
142.915,-0.0944049654,-0.589792896,0.768263283
143.015,0.26942870700000005,-1.5664019400000002,0.844859763
143.11,-10.4732541,-19.872999900000003,-19.8744714
143.204,-6.56680419,-8.63242722,-14.742566100000001
143.305,-10.4732541,-4.7834541,5.30660178
143.4,-1.8752697900000002,-9.494137620000002,11.472598800000002
143.497,-1.5114365100000002,-2.7536473800000003,3.62147922
143.595,-0.534834333,-2.61960354,2.9512600200000003
143.692,-1.6646294700000002,-7.847313300000001,-4.32540558
143.795,-0.6497290530000001,-6.564322260000001,-3.9232740600000002
143.89,-0.764623773,-9.41754114,-14.8765707
143.984,-5.2646640300000005,-2.0834281800000003,-8.059483980000001
144.083,-9.13278627,23.6529891,19.1322468
144.18,-12.5413002,19.8231651,20.185448400000002
144.28,-4.74763779,22.7146626,2.37678642
144.375,0.21198134700000001,21.240219600000003,0.959754483
144.471,5.68863261,13.1784597,2.24274258
144.57,6.550343010000001,8.812421100000002,4.78957554
144.668,-2.77527843,5.25068478,30.4493571
144.765,-1.85612067,12.9869685,14.8620519
144.86,-10.396638000000001,17.7167619,6.4555489800000005
144.96,-1.2241997100000002,12.048642000000001,10.2470355
145.055,-0.47738697300000005,5.95920222,3.6597774600000004
145.154,-7.428514590000001,7.740070380000001,9.07897842
145.251,2.0120015700000002,11.933766900000002,6.14916306
145.35,-0.32419401300000006,-0.0919158741,-0.801964557
145.445,2.7588172500000003,-23.7793419,12.4875414
145.543,90.174501,12.565629,16.8534819
145.641,-0.132702813,-3.0600333,-0.5147277570000001
145.74,4.96096605,-6.64091874,2.68317234
145.835,35.063392500000006,32.1360885,5.45979474
145.93,-0.132702813,-2.6579017800000004,4.90447026
146.03,-0.0944049654,-1.8536387400000003,-2.5636865400000004
146.128,2.6630716500000005,-4.726006740000001,3.3533915400000005
146.225,-15.6435165,-30.596507100000004,35.3707398
146.325,-39.9437694,-12.155865300000002,6.187461300000001
146.421,-14.398823700000001,5.8443075,-22.4596026
146.52,-23.6670174,-1.10682306,-3.88497582
146.616,-17.2328346,2.34001854,13.4258679
146.715,-18.056286,1.2293695800000002,8.1981189
146.805,-20.5839306,-2.0068317,-8.53821198
146.9,-18.496755,-4.22812962,-9.974415600000002
146.995,-20.162689200000003,1.59320286,-0.093447117
147.095,-19.2818493,3.58471134,-0.246640077
147.193,-11.354094,1.07617662,-2.1998532600000003
147.285,-8.04128643,-2.9068403400000005,-3.21475662
147.385,-2.98591875,-3.0217350600000006,-3.13816014
147.48,-0.956114973,-0.8004332160000001,-6.33606318
147.575,17.2738404,-11.1409227,-3.3296513400000003
147.67,86.2490295,15.1698897,1.2278392200000001
147.765,21.161151,0.808092864,2.08954962
147.862,6.8184306900000005,-2.27491938,-1.4147393400000001
147.96,2.7971154900000004,-5.128138260000001,14.479069500000001
148.059,0.173683107,-13.0941918,4.942768500000001
148.151,0.843902307,-1.0685248200000002,2.24274258
148.255,20.682423,-0.474898176,1.34273394
148.35,8.982281250000002,-3.6728051400000004,-1.4530375800000002
148.447,13.3674003,-9.64733058,2.60657586
148.545,16.0674066,-11.562262200000001,5.93852274
148.643,9.154623330000002,-10.987788600000002,8.73429426
148.74,5.32479933,-1.4898054600000001,9.59600466
148.835,6.626939490000001,3.3166236600000003,7.604496180000001
148.935,16.852599,4.293228780000001,3.5831809800000003
149.03,18.499403700000002,3.1442815800000004,3.3533915400000005
149.127,8.12057085,5.21238654,4.67468082
149.227,2.35668573,5.8443075,6.4746981
149.325,7.29715869,4.523018220000001,3.39168978
149.425,11.8738278,3.39322014,1.9363566600000002
149.52,12.9461589,4.369825260000001,4.48318962
149.617,10.456773300000002,2.26342206,8.08322418
149.715,2.06944893,-4.3047261,4.598084340000001
149.809,10.207795500000001,-3.0217350600000006,1.28528658
149.91,14.5547046,-3.0600333,1.66826898
150.01,15.8185269,-6.6026205000000004,-2.9083707000000003
150.105,5.51629053,-5.3579277,-1.26154638
150.203,0.32687606700000005,-9.30264642,-4.6126423800000005
150.3,10.016304300000002,-12.0792492,-4.6317915
150.4,8.522702370000001,-8.555830740000001,-4.5360459
150.5,11.950345800000001,-11.887758,-1.7019761400000002
150.595,8.71419357,-8.88136578,-0.9551575170000001
150.695,10.1311794,-9.45583938,1.7065672200000002
150.79,13.922744400000001,-6.1813398600000005,3.0278565
150.89,8.867386530000001,-3.84514722,1.74486546
150.986,8.71419357,-2.5047088200000003,-0.5147277570000001
151.085,8.59929885,-3.8834454600000003,0.40443000300000004
151.18,10.207795500000001,-2.1983229000000004,-0.246640077
151.28,10.2844116,-1.7770422600000002,-1.3764411
151.38,9.11632509,-3.4430157,-1.8551691000000001
151.475,7.048220130000001,-3.0217350600000006,-4.03816878
151.575,6.531193890000001,-1.3366125000000002,-7.676501580000001
151.673,10.456773300000002,-0.589792896,-5.436054540000001
151.765,7.086518370000001,-0.6663893760000001,-2.4296427
151.861,10.763139599999999,-0.16851225600000003,-1.6636779
151.96,11.4333588,-0.436599936,-3.7126337400000002
152.055,10.916371800000002,-0.704687616,-6.29776494
152.15,10.456773300000002,-0.39830169600000004,-6.067975500000001
152.245,10.495032300000002,0.310215744,-7.6382033400000005
152.343,5.937571170000001,2.09107998,-7.94458926
152.44,9.76739517,2.6464044600000003,-11.659479300000001
152.535,19.3802436,1.03787838,-8.4616155
152.635,15.5886786,-3.9217437000000004,-24.680880900000002
152.73,3.96521181,-0.360003456,-5.2828615800000005
152.825,9.65250045,-2.23662114,-6.776492940000001
152.921,9.49930749,-4.151533140000001,-5.053072140000001
153.021,5.36309757,-4.53451554,-3.6168881400000004
153.12,8.38865853,-4.9749453,-3.3679495800000003
153.215,8.06312349,-2.46641058,-1.2232481400000002
153.315,7.25886045,-0.13021401600000002,0.576772083
153.409,7.2397113300000004,0.176171904,1.66826898
153.51,7.12481661,-0.589792896,1.9172075400000002
153.604,9.28866717,-1.41320898,3.0853038600000002
153.705,10.2461526,-1.89193698,3.04700562
153.799,9.9971748,-2.6579017800000004,3.04700562
153.9,9.57590397,-3.1174806600000005,1.82146194
154.0,11.107863000000002,-3.90259458,0.576772083
154.095,11.9887029,-4.07493666,-0.4764295170000001
154.195,9.8439426,-2.7536473800000003,-1.6445287800000001
154.293,9.09717597,-1.4898054600000001,-2.85092334
154.39,8.38865853,-0.877029696,-3.4828443000000004
154.485,8.61844797,0.884689344,-4.5360459
154.585,8.656746210000001,2.4932115,-6.18287022
154.685,11.031246900000001,3.1059833400000003,-7.0445806200000005
154.78,10.724880599999999,4.523018220000001,-8.13608046
154.876,8.197167330000001,3.50811486,-9.572264460000001
154.975,8.42695677,1.8612905400000002,-8.921194380000001
155.075,11.6439795,1.47830814,-8.423317260000001
155.173,9.46100925,-0.589792896,-7.791396300000001
155.27,5.32479933,-3.2132262600000003,-7.82969454
155.365,5.037562530000001,-6.334532820000001,-7.791396300000001
155.465,8.23546557,-5.43452418,-7.121177100000001
155.565,7.967377890000001,-5.20473474,-6.10627374
155.66,7.641842850000001,-4.03663842,-5.244563340000001
155.757,8.656746210000001,-4.89834882,-5.7041422200000005
155.855,9.020579490000001,-4.38132258,-4.45944942
155.951,7.71843933,-3.4813139400000006,-3.8658267
156.05,8.50355325,-2.98343682,-3.44454606
156.145,9.80569341,-2.98343682,-2.54453742
156.245,9.72909693,-4.03663842,-2.12325678
156.343,8.31206205,-6.10474338,-1.79772174
156.442,8.82908829,-7.387734420000001,0.155491443
156.54,9.8822997,-8.555830740000001,2.22359346
156.635,9.76739517,-7.579225620000001,2.60657586
156.735,8.197167330000001,-5.70261186,1.66826898
156.83,14.3439858,-4.53451554,4.40659314
156.925,13.1567796,-3.2132262600000003,6.99172434
157.022,9.80569341,-4.6877085,10.342781100000002
157.115,8.94398301,-4.07493666,10.4193972
157.212,9.25036893,-2.7727965,10.036414800000001
157.31,11.5482339,-1.89193698,8.31301362
157.405,9.9396882,-2.46641058,9.32791698
157.5,7.967377890000001,-2.83024386,8.12152242
157.601,7.278009570000001,-2.1983229000000004,7.03002258
157.695,8.94398301,-0.953626176,5.268303540000001
157.793,10.3226706,-1.41320898,2.81721618
157.89,8.465255010000002,-2.6579017800000004,0.844859763
157.985,8.42695677,-2.73449826,-0.591324237
158.08,7.3163078100000005,-2.3898141,-0.246640077
158.178,8.23546557,-3.0217350600000006,-0.131745357
158.275,8.94398301,-3.7111033800000004,1.1129445
158.37,8.94398301,-3.17492802,3.16190034
158.47,10.571648399999999,-1.22171778,3.5065845
158.565,11.9887029,0.578303424,2.37678642
158.665,8.867386530000001,2.34001854,2.4916811400000003
158.765,9.61420221,3.1059833400000003,-0.11259623700000002
158.855,9.25036893,3.58471134,-1.5296340600000002
158.959,9.57590397,2.37831678,-3.13816014
159.057,7.278009570000001,1.07617662,-3.75093198
159.155,7.5652463700000006,-0.474898176,-4.1530635
159.25,7.16311485,-2.46641058,-4.1913617400000005
159.35,7.086518370000001,-3.09833154,-3.6743355
159.445,10.8013986,-4.95579618,-3.40624782
159.545,9.9971748,-5.032392660000001,-2.77432686
159.643,7.3163078100000005,-6.2196381,-1.2232481400000002
159.739,7.43120253,-6.0281469,-0.4764295170000001
159.84,9.173772450000001,-6.334532820000001,0.500175603
159.938,9.57590397,-6.71751522,0.883158003
160.036,6.20565885,-6.48772578,1.55337426
160.135,6.93332541,-6.564322260000001,2.0704005
160.23,8.50355325,-5.66431362,2.0321022600000003
160.33,9.32696541,-5.8558048199999995,1.66826898
160.425,8.73334269,-5.3579277,1.2086901
160.522,7.83333405,-5.3579277,1.7640145800000002
160.619,8.61844797,-4.6877085,1.4001813
160.72,8.848237410000001,-4.38132258,0.864008883
160.814,7.75673757,-3.19407714,0.30868440300000005
160.915,9.8439426,-2.5813053,0.232087923
161.01,8.06312349,-3.0025859400000003,0.0022983947100000002
161.111,8.06312349,-3.23237538,-0.744517197
161.209,8.848237410000001,-3.8259981000000005,-1.2040990200000001
161.305,8.695044450000001,-4.0174893,-1.72112526
161.402,9.8822997,-4.4196208200000004,-2.37219534
161.5,9.173772450000001,-3.90259458,-2.1041076600000004
161.6,7.58439549,-3.2706736199999997,-2.3338971
161.695,7.546097250000001,-2.7727965,-2.4487918200000003
161.795,8.58014973,-3.1174806600000005,-2.5636865400000004
161.891,10.8971442,-3.28982274,-2.48709006
161.99,9.920558699999999,-3.1174806600000005,-1.6828270200000002
162.086,8.82908829,-2.17917378,-1.5679323
162.185,8.29291293,-2.42811234,-1.7594235000000003
162.28,8.61844797,-2.17917378,-2.18070414
162.375,8.50355325,-2.27491938,-2.37219534
162.47,9.76739517,-2.1983229000000004,-2.5253883
162.57,10.361027700000001,-2.61960354,-2.5253883
162.665,10.361027700000001,-3.40471746,-3.46369518
162.763,10.9355013,-3.07918242,-3.0424145400000002
162.854,10.4759028,-3.40471746,-2.25730062
162.955,9.09717597,-4.4196208200000004,-1.0892043
163.05,8.61844797,-4.53451554,-0.4189821570000001
163.145,9.55675485,-4.80260322,0.0405968211
163.243,9.671649570000001,-4.76430498,1.17039186
163.34,10.1120499,-4.0174893,1.05549714
163.435,10.0737909,-3.9408928200000006,1.7640145800000002
163.53,9.8439426,-3.6345069,1.72571634
163.63,9.55675485,-3.5962086600000003,1.8789093000000001
163.724,8.21631645,-3.5579104200000002,2.0321022600000003
163.82,7.3163078100000005,-3.7111033800000004,1.72571634
163.919,7.35460605,-3.5962086600000003,1.32358482
164.015,8.50355325,-3.6728051400000004,0.864008883
164.109,9.920558699999999,-3.32812098,0.42357912300000006
164.205,8.695044450000001,-3.1174806600000005,0.634219443
164.3,8.331211170000001,-2.84939298,0.0405968211
164.397,8.331211170000001,-2.5430070600000003,-1.05090606
164.495,8.73334269,-3.40471746,-1.6445287800000001
164.595,9.44186013,-3.51961218,-2.21900238
164.689,9.365263650000001,-4.3047261,-2.06580942
164.79,8.656746210000001,-4.994094420000001,-2.06580942
164.885,7.58439549,-5.9324013,-1.4721867000000002
164.985,8.695044450000001,-5.817506580000001,0.07889486490000001
165.08,7.83333405,-6.372831060000001,1.32358482
165.175,8.25461469,-6.08559426,1.9938040200000002
165.274,8.10142173,-5.97069954,3.04700562
165.375,8.36950941,-4.572813780000001,3.8704177800000004
165.47,7.3163078100000005,-4.13238402,4.4640405
165.567,7.43120253,-4.18983138,4.31084754
165.665,9.25036893,-4.22812962,3.9087160200000004
165.766,8.96313213,-3.6345069,3.52573362
165.86,7.699290210000001,-3.3664192200000005,2.58742674
165.96,6.79928157,-2.8110947399999997,0.978903603
166.055,8.25461469,-2.5813053,-0.150894477
166.15,8.848237410000001,-2.02598082,-1.35729198
166.25,9.9589158,-0.9727752960000001,-2.8126251000000004
166.346,10.7822691,-0.28340697600000003,-3.34880046
166.445,9.51845661,0.8463911040000001,-3.46369518
166.545,9.8822997,2.53150974,-3.98072142
166.643,10.361027700000001,3.08683422,-4.9573265399999995
166.74,11.299354200000002,3.4698166200000005,-5.41690542
166.835,10.4376438,5.80600926,-5.66584398
166.935,9.44186013,5.82515838,-5.41690542
167.035,10.629135,6.09324606,-5.62754574
167.13,9.51845661,5.9400531,-5.62754574
167.225,8.21631645,5.34643038,-5.45520366
167.325,7.66099197,5.6528163000000005,-4.9573265399999995
167.42,7.90993053,5.76771102,-4.842431820000001
167.52,9.671649570000001,5.691114540000001,-5.41690542
167.62,9.480158370000002,5.57621982,-4.80413358
167.715,7.3163078100000005,4.67621118,-4.4403003
167.815,6.9907727699999995,3.08683422,-3.1956075
167.91,6.28225533,2.8953430200000003,-2.85092334
168.005,6.9907727699999995,2.8953430200000003,-2.21900238
168.105,7.62269373,2.6464044600000003,-0.897710157
168.205,8.695044450000001,2.9719395,-0.11259623700000002
168.3,8.73334269,2.7995974200000004,0.46187736300000004
168.4,7.43120253,2.93364126,0.519324723
168.495,6.9907727699999995,2.4932115,-0.11259623700000002
168.593,7.775886690000001,2.8570447800000003,-0.859411917
168.69,7.871632290000001,3.62300958,-2.3338971
168.785,9.80569341,2.7995974200000004,-5.1105195000000005
168.88,9.76739517,1.59320286,-6.948835020000001
168.977,8.10142173,-1.20256866,-7.2169227000000005
169.07,6.052465890000001,-2.6579017800000004,-7.42756302
169.17,6.6460886100000005,-4.3047261,-6.48925614
169.267,8.024825250000001,-5.3579277,-5.4935019
169.364,7.7375884500000005,-6.0089977800000005,-4.9573265399999995
169.457,9.25036893,-7.31113794,-3.6743355
169.555,11.184381,-8.59412898,-1.5679323
169.654,10.5907779,-8.47923426,0.07889486490000001
169.745,7.66099197,-6.755813460000001,-0.304087437
169.844,5.49714141,-5.2621821,-1.05090606
169.94,7.20141309,-5.18558562,-2.3338971
170.035,7.871632290000001,-5.97069954,-1.9126164600000002
170.133,8.10142173,-8.230295700000001,-1.83601998
170.23,8.92483389,-10.1452077,0.193789683
170.324,8.80993917,-10.7771679,2.2618917
170.42,6.9907727699999995,-9.60903234,6.34065426
170.52,11.184381,-7.3494361800000005,10.055544300000001
170.615,10.399286700000001,-5.3579277,11.1087459
170.71,7.871632290000001,-3.40471746,10.1705175
170.805,5.57373789,-3.04088418,8.9640837
170.904,3.6779750100000004,-2.46641058,7.66194354
171.003,5.09500989,-1.75789314,4.57893522
171.1,7.62269373,-1.5664019400000002,3.37254066
171.199,6.9907727699999995,-0.22595961600000003,2.31933906
171.295,8.06312349,2.41661502,1.2086901
171.393,6.51204477,4.0251411,1.6108216199999998
171.49,9.8439426,3.3549219000000003,0.232087923
171.59,10.9928898,4.8102550200000005,0.11719320300000001
171.686,10.7822691,6.208140780000001,0.42357912300000006
171.785,8.29291293,7.069851180000001,3.2959441800000002
171.881,9.671649570000001,6.1315443,5.172557940000001
171.98,10.0737909,4.33152702,5.995970100000001
172.08,10.303541100000002,2.14852734,6.493847220000001
172.175,9.00143037,0.5400051840000001,7.58534706
172.271,9.55675485,-1.20256866,7.12576818
172.369,9.51845661,-1.7961913800000002,5.7853297800000005
172.465,9.212070690000001,-1.4898054600000001,5.440645620000001
172.565,6.32055357,-2.06427906,5.55554034
172.655,6.952474530000001,-1.7195949000000001,4.942768500000001
172.756,8.80993917,-0.264257856,6.3023560199999995
172.857,8.96313213,1.32511518,5.172557940000001
172.955,6.49289565,0.827241984,5.076812340000001
173.054,6.052465890000001,1.76554494,5.59383858
173.15,6.301404450000001,3.39322014,4.92361938
173.245,8.88653565,4.293228780000001,3.7938213000000003
173.345,7.9865270100000005,4.8102550200000005,3.4491371400000004
173.443,6.5694921299999995,6.3230355,3.04700562
173.54,5.248202850000001,7.45283358,2.24274258
173.635,6.952474530000001,7.79751774,1.6874181000000001
173.735,7.66099197,8.08475454,1.2086901
173.83,6.47374653,8.73582462,1.80231282
173.93,6.76098333,8.4294387,3.71722482
174.03,7.2397113300000004,6.84006174,3.8704177800000004
174.128,6.79928157,5.0783427,3.9278651400000006
174.225,5.343948450000001,2.9719395,3.25764594
174.32,6.47374653,1.7272467,1.4001813
174.42,6.32055357,1.2485187,-0.0742980951
174.515,7.469500770000001,0.578303424,-2.77432686
174.615,6.3971500500000005,1.09532574,-3.31050222
174.715,9.212070690000001,1.59320286,-3.34880046
174.81,10.8971442,2.26342206,-4.172212620000001
174.905,8.77164093,3.12513246,-4.516896780000001
175.0,7.2397113300000004,2.93364126,-4.80413358
175.096,8.29291293,3.20172894,-4.5360459
175.193,12.161064600000001,3.4698166200000005,-4.2488091
175.292,11.7014661,3.3549219000000003,-3.2722039800000005
175.389,9.76739517,3.79535166,-2.4487918200000003
175.485,9.25036893,3.43151838,-2.0275111800000003
175.58,8.848237410000001,3.6996060600000003,-0.22749095700000002
175.675,9.671649570000001,3.87194814,-0.189192717
175.77,9.44186013,4.5996147,1.09379538
175.87,10.4376438,4.8102550200000005,2.31933906
175.97,9.55675485,4.67621118,2.14699698
176.065,8.024825250000001,3.3166236600000003,1.4001813
176.165,7.20141309,3.7379043,1.2469883400000001
176.264,7.90993053,4.25493054,0.385280883
176.36,9.28866717,4.84855326,0.5959212030000001
176.455,9.40356189,5.9400531,-0.0359996589
176.555,8.80993917,6.09324606,0.672517683
176.651,7.546097250000001,5.978351340000001,1.80231282
176.751,7.143965730000001,6.01664958,2.14699698
176.844,6.60779037,5.90175486,2.22359346
176.945,5.09500989,5.90175486,2.7789179400000004
177.043,9.365263650000001,6.801763500000001,3.14275122
177.14,8.13971997,7.4145353400000005,3.7555230600000002
177.235,7.9865270100000005,7.893263340000001,4.004461620000001
177.333,6.43544829,8.12305278,3.83211954
177.435,7.39290429,8.4294387,3.4491371400000004
177.532,8.58014973,8.27624574,3.7555230600000002
177.63,8.17801821,8.27624574,3.48743538
177.725,7.43120253,7.96985982,2.14699698
177.825,7.2397113300000004,8.12305278,0.8257106430000001
177.92,8.656746210000001,7.4145353400000005,0.864008883
178.025,9.365263650000001,5.691114540000001,0.557622963
178.12,6.76098333,6.3996319800000006,-0.897710157
178.217,6.47374653,6.476228460000001,-2.37219534
178.315,6.28225533,7.1847459,-1.72112526
178.41,8.656746210000001,6.95495646,0.270386163
178.505,11.663109,6.3230355,0.8257106430000001
178.606,9.212070690000001,4.92514974,-0.859411917
178.705,8.29291293,2.03363262,-2.48709006
178.8,7.20141309,0.808092864,-1.7594235000000003
178.935,11.931216299999999,0.310215744,-1.9509147
178.999,10.188666,-0.6280911360000001,-2.48709006
179.095,9.365263650000001,-0.934477056,-3.7126337400000002
179.19,9.80569341,-0.934477056,-3.23390574
179.29,10.0737909,-1.01107746,-3.9232740600000002
179.387,11.1652515,-0.474898176,-4.6317915
179.485,9.25036893,0.27191750400000003,-4.68923886
179.58,8.88653565,1.6697993400000002,-4.74668622
179.68,7.92907965,3.4698166200000005,-4.1530635
179.777,8.21631645,4.293228780000001,-3.88497582
179.875,9.51845661,3.98684286,-4.4403003
179.97,7.62269373,4.17833406,-3.88497582
180.065,7.94822877,3.08683422,-3.31050222
180.165,7.29715869,3.50811486,-2.4104935800000002
180.257,7.0673692500000005,2.8570447800000003,-1.9892129400000003
180.351,7.546097250000001,2.1868255800000003,-2.4104935800000002
180.45,6.9907727699999995,3.20172894,-3.0424145400000002
180.547,8.06312349,3.4698166200000005,-3.46369518
180.643,6.91417629,5.42302686,-3.2722039800000005
180.743,6.79928157,6.476228460000001,-3.08071278
180.84,6.952474530000001,7.60602654,-1.7594235000000003
180.934,5.841825570000001,7.96985982,-0.342385677
181.03,5.343948450000001,8.046456300000001,1.41933042
181.125,6.5694921299999995,8.046456300000001,3.14275122
181.225,7.62269373,8.6209299,4.4640405
181.32,7.39290429,7.14644766,5.670435060000001
181.415,7.10566749,5.9400531,6.4555489800000005
181.512,8.80993917,4.33152702,6.97257522
181.61,8.96313213,2.8570447800000003,6.14916306
181.705,6.28225533,2.1868255800000003,5.5172421
181.8,4.118404770000001,2.07193086,4.54063698
181.898,6.20565885,2.22512382,3.67892658
181.99,11.337613200000002,2.93364126,3.71722482
182.093,26.542034100000002,1.76554494,1.4001813
182.19,15.492933,0.501706944,0.864008883
182.285,0.5566655070000001,-3.6728051400000004,15.7237623
182.379,5.7269308500000005,-0.8961788159999999,1.7640145800000002
182.475,8.06312349,-0.8961788159999999,3.48743538
182.57,16.163152200000003,1.5166063800000003,3.7938213000000003
182.67,13.980231000000002,0.731496384,2.3576373
182.769,10.629135,0.118724544,3.2193477
182.865,11.2227381,0.769794624,4.42574226
182.96,13.9036149,7.299640620000001,4.31084754
183.055,7.2397113300000004,6.68686878,1.9172075400000002
183.15,5.68863261,6.72516702,1.7640145800000002
183.249,8.25461469,5.42302686,2.3576373
183.343,11.2227381,3.2400271800000002,2.0321022600000003
183.44,10.5141618,6.95495646,1.32358482
183.539,9.55675485,2.14852734,-0.0742980951
183.635,-20.047814100000004,14.0209425,-16.9063578
183.732,7.94822877,4.10173758,-3.7126337400000002
183.83,3.2758434899999997,4.1400358200000005,-3.3870987000000006
183.93,-36.24795,34.9700994,-116.711532
184.02,-4.61359395,-3.8259981000000005,-7.695650700000001
184.115,0.154533987,-2.02598082,-12.310569
184.21,-0.0752558454,-7.655822100000001,-8.90204526
184.305,-0.860369373,-9.41754114,-5.4935019
184.409,0.0396388746,-8.63242722,-5.07222126
184.502,0.154533987,-9.60903234,-3.55944078
184.6,-0.5539834530000001,9.80817534,-11.640349800000001
184.699,-1.30079619,-11.409030000000001,2.0704005
184.795,0.824753187,-3.9408928200000006,-6.680747340000001
184.895,0.32687606700000005,-8.670725460000002,2.9321109
184.99,-0.6688781730000001,-9.60903234,2.14699698
185.095,-0.515685213,-9.570734100000001,1.32358482
185.187,-0.592281693,-9.570734100000001,2.0704005
185.285,-0.47738697300000005,-9.8771004,2.58742674
185.385,-4.57529571,-13.8217995,2.2810408200000003
185.481,0.00134062479,-5.18558562,2.47253202
185.58,-0.630579933,-4.13238402,14.191832699999999
185.681,2.18434365,-0.513196416,13.9237254
185.78,-0.7837728930000001,4.6379129400000005,10.3620087
185.874,-0.305044893,4.06343934,7.700241780000001
185.975,-1.07100675,2.37831678,9.27046962
186.071,-0.764623773,0.942136704,10.1705175
186.17,-0.630579933,-1.7961913800000002,8.9640837
186.265,-0.47738697300000005,-3.6728051400000004,8.485355700000001
186.365,-0.5539834530000001,-3.40471746,8.332162740000001
186.464,-0.630579933,-3.19407714,9.04068018
186.56,-0.32419401300000006,-2.31321762,9.4428117
186.66,-0.745474653,-1.75789314,9.5385573
186.755,-0.7071764130000001,-1.87278786,9.27046962
186.855,-0.515685213,-2.42811234,9.002381940000001
186.955,-0.630579933,-2.1025773,9.1555749
187.05,-0.630579933,-2.02598082,9.42366258
187.145,-0.6688781730000001,-2.06427906,9.1555749
187.245,-0.515685213,-1.98768258,9.19387314
187.34,-0.6688781730000001,-2.02598082,9.23217138
187.44,-0.515685213,-2.02598082,9.23217138
187.537,-0.802922013,-1.9493843400000002,9.308767860000001
187.635,-0.5539834530000001,-1.9493843400000002,9.19387314
187.73,-0.630579933,-2.14087554,9.19387314
187.83,-0.515685213,-1.9493843400000002,9.04068018
187.929,-0.5539834530000001,-1.68129666,9.23217138
188.025,-0.6688781730000001,-1.9493843400000002,9.481109940000001
188.122,-0.43908873300000006,-2.14087554,9.308767860000001
188.22,-0.32419401300000006,-2.14087554,9.27046962
188.315,-0.630579933,-2.1983229000000004,9.308767860000001
188.415,-0.47738697300000005,-2.02598082,9.19387314
188.51,-0.515685213,-2.06427906,9.308767860000001
188.607,-0.630579933,-1.83448962,9.07897842
188.701,-0.6688781730000001,-2.14087554,9.04068018
188.8,-0.592281693,-2.17917378,9.19387314
188.893,-0.6688781730000001,-2.14087554,9.55770642
188.992,-0.362492253,-2.46641058,8.88748722
189.09,-1.3390944300000003,-3.0025859400000003,8.7725925
189.187,-0.592281693,-4.38132258,8.849188980000001
189.281,0.0396388746,-2.17917378,9.4428117
189.377,-0.40079049299999997,-5.223883860000001,7.16406642
189.475,-2.10505923,-14.204781900000002,12.927912300000001
189.57,-1.0327085100000002,-6.506874900000001,7.12576818
189.67,-0.515685213,-6.20048898,10.1705175
189.763,-0.956114973,0.118724544,8.92578546
189.86,3.3524399700000003,-11.4281595,8.25556626
189.955,0.633261987,-4.47706818,8.46620658
190.05,3.1226505300000005,0.19532102400000004,10.3620087
190.147,-4.70933955,-1.66214754,13.138631100000001
190.245,-1.3390944300000003,-6.0089977800000005,16.4322405
190.34,-1.8944189100000002,-6.39198018,13.8853683
190.439,-2.10505923,-11.0835342,10.687504500000001
190.535,-3.79018179,-5.77920834,8.06407506
190.63,-2.33484867,-9.43669026,6.62789106
190.726,1.3417823700000002,-6.27708546,5.440645620000001
190.825,-1.2624979500000002,-4.9174979400000005,7.872583860000001
190.917,2.60562429,-4.17068226,8.9640837
191.015,0.9779461470000002,-2.92598946,10.0939014
191.11,-0.5539834530000001,-3.0025859400000003,11.625831000000002
191.205,0.11623574700000001,-1.7961913800000002,7.31725938
191.305,-2.56463811,-2.42811234,14.976927
191.4,-4.38380451,-2.84939298,4.38744402
191.495,-1.30079619,0.9038384640000001,9.672601140000001
191.595,-0.592281693,0.7889437440000001,9.347066100000001
191.69,-1.35824355,3.9485446200000003,8.849188980000001
191.785,-0.132702813,5.71026366,7.795987380000001
191.88,-1.58803299,6.4187810999999995,6.6661893
191.974,-2.56463811,6.72516702,6.704487540000001
192.075,-0.99441027,6.5719740600000005,6.43639986
192.17,-0.879518493,6.68686878,6.704487540000001
192.265,-1.0327085100000002,6.53367582,6.589592820000001
192.36,-1.12845411,6.49537758,6.55129458
192.46,-0.99441027,6.68686878,6.6661893
192.555,-0.956114973,6.49537758,6.62789106
192.65,-1.09015587,6.49537758,6.704487540000001
192.75,-0.802922013,6.49537758,6.589592820000001
192.845,-1.2624979500000002,6.16984254,6.62789106
192.94,-0.764623773,6.208140780000001,6.51299634
193.039,-1.2050505900000001,6.49537758,6.819382260000001
193.133,-1.31994531,6.72516702,6.62789106
193.23,-1.0327085100000002,6.53367582,6.589592820000001
193.325,-1.09015587,6.5719740600000005,6.43639986
193.42,-0.917816733,6.610272300000001,6.62789106
193.516,-1.12845411,6.610272300000001,6.62789106
193.615,-0.956114973,6.45707934,6.74278578
193.714,-0.956114973,6.45707934,6.589592820000001
193.805,-1.0327085100000002,6.49537758,6.4746981
193.905,-0.99441027,6.49537758,6.51299634
194.0,-1.0327085100000002,6.68686878,6.6661893
194.095,-0.917816733,6.68686878,6.6661893
194.193,-1.0327085100000002,6.610272300000001,6.781084020000001
194.287,-1.2050505900000001,6.53367582,6.6661893
194.385,-1.2816470700000002,6.64857054,6.4746981
